"client_id";"birth_number";"district_id"
1;"706213";18
2;"450204";1
3;"406009";1
4;"561201";5
5;"605703";5
6;"190922";12
7;"290125";15
8;"385221";51
9;"351016";60
10;"430501";57
11;"505822";57
12;"810220";40
13;"745529";54
14;"425622";76
15;"185828";21
16;"190225";21
17;"341013";76
18;"315405";76
19;"421228";47
20;"790104";46
21;"526029";12
22;"696011";1
23;"730529";1
24;"395729";43
25;"395423";21
26;"695420";74
27;"665326";54
28;"450929";1
29;"515911";30
30;"576009";74
31;"620209";68
32;"800728";52
33;"486204";73
36;"785717";7
37;"700810";7
38;"735723";36
39;"680125";68
40;"575122";5
41;"680827";22
42;"350817";68
43;"201028";75
44;"775111";38
45;"520826";20
46;"405130";19
47;"340714";76
48;"400209";16
49;"595511";72
50;"785730";39
51;"796202";36
52;"241212";32
53;"770505";64
55;"485918";45
56;"600331";21
57;"616217";21
58;"275429";1
59;"570218";1
60;"800219";67
61;"485806";16
62;"321208";77
63;"590604";4
64;"260422";20
65;"435527";50
66;"516110";1
67;"326111";29
68;"461214";43
70;"251222";70
71;"275206";70
72;"230113";47
73;"240220";22
74;"255726";22
75;"775919";64
76;"676001";36
77;"565218";1
78;"445613";16
79;"695310";37
80;"795225";64
81;"760429";8
82;"796225";8
83;"786225";1
84;"790505";1
85;"610827";1
86;"695720";1
87;"466117";72
89;"515505";1
90;"750817";52
91;"400807";63
92;"665612";74
93;"250216";3
94;"470909";43
95;"525803";43
96;"720229";74
97;"651128";26
98;"735504";33
99;"730126";33
100;"425811";44
101;"430123";68
102;"585910";74
103;"550711";74
105;"800526";31
106;"686230";68
107;"720623";1
108;"630913";17
110;"675413";2
112;"350125";1
113;"405815";1
114;"695624";74
115;"691224";74
116;"420128";74
117;"365920";74
118;"220719";55
119;"225228";55
120;"760510";1
121;"786029";41
122;"636113";35
123;"690212";11
124;"670921";44
125;"361031";37
126;"295927";37
127;"506227";21
128;"735404";63
129;"475531";64
130;"420214";53
131;"775131";53
132;"530126";36
134;"320118";6
135;"385910";6
136;"215126";55
137;"230914";60
138;"726021";54
139;"595725";8
140;"610606";8
141;"251102";31
142;"370621";68
143;"780709";27
144;"581206";65
145;"780214";55
146;"616219";31
147;"336102";21
148;"401225";21
149;"480627";55
150;"805927";2
151;"715923";51
152;"456202";29
153;"815212";13
154;"330827";74
155;"395313";74
156;"305722";54
157;"435709";52
158;"455703";40
159;"380910";40
160;"425426";64
161;"436007";34
162;"411017";65
163;"330612";74
164;"625404";70
165;"681108";22
166;"616022";22
167;"785418";38
168;"766105";24
169;"530912";38
170;"465616";38
171;"290625";51
172;"356005";51
173;"186208";21
174;"781110";10
175;"600713";31
176;"290311";4
178;"601222";8
179;"801229";43
180;"820119";73
181;"670706";76
182;"595713";76
183;"785319";1
184;"720605";1
185;"540530";77
186;"615222";46
187;"420823";58
188;"600902";64
189;"190810";11
190;"476031";37
191;"540903";37
192;"710228";70
193;"620501";1
194;"246220";28
195;"191118";74
196;"275625";74
197;"330425";30
198;"760714";60
199;"230621";29
200;"285113";29
201;"305819";17
202;"766121";29
203;"620610";31
204;"675617";31
205;"425615";4
206;"635413";59
207;"320520";46
208;"405625";13
209;"350820";13
210;"391130";66
211;"455628";66
212;"750210";52
215;"670924";71
216;"600130";1
217;"746222";59
218;"805123";1
219;"645402";60
221;"775225";21
222;"725629";47
223;"525227";43
224;"550511";77
225;"360510";32
226;"420616";1
227;"266218";52
228;"565316";48
229;"690722";76
230;"675310";74
231;"410218";41
232;"215617";55
233;"586203";69
234;"550621";69
235;"435828";44
236;"610901";70
237;"695222";70
238;"616128";6
239;"745910";1
240;"295617";34
241;"590123";70
242;"615801";17
243;"540210";63
246;"706228";67
247;"570508";1
248;"696212";61
249;"700505";61
250;"796125";8
251;"765303";54
252;"695901";37
253;"475512";48
254;"630530";28
255;"516011";27
256;"635227";73
257;"426104";22
258;"370531";22
259;"660608";31
260;"625224";31
261;"376207";38
262;"451125";77
263;"620520";68
264;"780822";28
265;"335107";72
266;"675828";19
267;"670612";37
268;"825502";39
269;"236203";15
270;"470308";46
271;"455727";46
272;"446025";70
273;"725515";27
274;"706125";17
275;"186112";1
276;"570611";1
277;"616128";1
278;"726227";22
279;"700516";22
280;"696218";45
282;"385224";73
283;"331104";73
284;"740806";10
285;"540603";72
286;"525418";72
287;"800909";50
288;"620421";6
289;"580327";54
290;"590112";72
291;"555427";72
292;"585906";15
293;"430927";69
294;"680321";58
295;"390327";12
296;"740301";65
297;"245315";65
298;"210613";65
300;"575730";1
301;"420110";28
302;"710223";56
303;"460506";74
304;"345311";19
305;"380608";46
308;"765612";68
309;"696214";37
310;"500416";11
311;"305916";64
312;"240703";2
313;"425511";24
314;"450322";24
315;"670501";54
316;"550428";75
317;"576006";64
318;"435402";15
319;"295404";19
320;"341112";19
321;"436024";47
322;"330201";38
323;"385404";38
324;"601203";3
325;"600221";3
326;"675918";27
327;"681013";27
328;"185124";1
329;"641203";11
330;"445805";65
331;"420302";1
332;"780725";29
333;"711019";38
334;"691031";32
335;"675722";73
336;"645211";39
337;"570508";39
338;"515619";8
339;"660730";1
340;"705819";1
341;"770316";69
342;"725630";69
343;"191119";44
344;"635716";54
345;"531207";17
346;"606102";17
347;"591213";71
348;"535124";71
349;"275527";39
350;"255402";25
351;"730501";1
352;"400827";56
353;"651026";7
354;"225427";49
355;"300531";49
356;"796207";1
357;"790330";1
358;"595626";7
359;"700216";66
360;"430427";49
361;"775525";74
362;"505427";35
363;"420701";35
364;"426205";54
365;"300109";1
366;"366110";1
367;"635903";60
368;"681014";60
369;"306106";7
370;"565105";71
371;"420716";4
372;"320403";34
373;"360228";16
374;"670614";26
375;"695929";61
376;"735108";14
378;"780515";50
379;"836013";50
380;"730119";41
381;"775126";73
382;"780630";73
383;"395517";15
384;"351008";15
385;"480324";45
386;"800821";62
387;"270606";76
388;"506030";36
389;"745630";47
390;"775127";47
391;"335522";47
392;"505401";74
393;"560831";74
394;"245518";52
395;"190705";52
396;"200502";1
397;"300327";75
398;"255326";61
399;"520414";45
400;"331227";1
401;"286119";1
402;"431225";3
403;"735526";42
404;"670420";42
405;"346019";65
406;"770515";36
407;"755527";73
408;"785222";35
409;"250618";74
410;"621220";62
411;"415414";17
412;"440417";17
413;"726118";49
414;"476019";46
415;"450401";46
416;"326007";1
417;"300610";1
418;"661013";28
419;"706007";64
420;"780313";18
421;"650731";54
422;"461207";69
423;"570623";37
424;"471008";1
425;"480212";25
426;"370601";72
427;"415914";72
428;"196116";47
429;"815120";50
430;"200728";39
431;"276001";24
432;"525326";59
433;"550207";62
434;"435130";70
435;"671023";20
436;"550615";2
437;"205117";11
438;"380928";32
439;"685912";51
440;"705707";15
441;"590914";1
442;"716216";1
443;"711220";1
444;"605801";74
445;"475427";1
446;"520319";1
447;"460904";23
448;"705815";77
450;"531127";25
451;"790414";12
452;"536022";55
453;"690716";67
454;"495615";38
455;"200726";68
456;"400228";25
457;"500926";70
458;"610724";68
459;"675723";32
461;"705813";68
462;"701221";14
463;"440405";38
464;"595730";24
465;"520901";5
466;"476119";1
467;"500417";1
468;"590427";72
469;"706013";59
470;"545421";30
471;"770111";44
472;"811227";36
473;"395925";1
474;"490531";46
476;"475601";1
477;"540720";1
478;"780621";21
479;"470820";11
480;"465124";11
481;"270122";69
482;"345122";69
483;"440619";1
484;"595913";28
485;"780516";32
486;"440412";68
487;"225401";1
488;"170802";1
489;"401007";41
490;"501023";55
491;"660805";63
492;"351026";72
493;"425604";41
494;"800519";1
495;"375407";49
496;"515521";70
497;"530202";74
498;"485115";74
499;"355708";18
500;"710106";1
501;"371028";62
502;"191208";6
503;"590724";73
504;"790801";36
505;"771221";13
506;"460816";75
507;"541116";75
508;"710428";53
509;"800502";73
510;"760415";12
511;"590218";9
512;"655803";60
513;"745111";8
514;"681115";8
515;"320526";1
516;"305427";1
517;"650725";63
518;"795428";54
519;"800413";18
520;"475927";46
521;"751225";69
522;"565304";1
523;"221217";38
524;"635102";30
525;"690814";30
526;"640201";43
527;"665818";43
528;"770211";37
529;"781105";69
530;"575927";29
531;"761004";27
532;"805903";27
533;"415519";54
534;"570722";74
535;"370909";26
536;"390825";47
537;"350116";1
538;"485510";5
540;"210728";19
541;"275309";19
542;"215209";59
543;"585415";11
544;"481116";63
545;"736011";75
546;"530825";7
547;"490331";54
548;"371204";49
550;"611130";7
551;"765705";47
552;"345508";1
553;"410407";1
554;"255419";30
555;"261021";30
556;"460708";29
557;"390717";51
558;"205705";43
559;"725905";32
560;"676216";71
561;"626110";74
562;"755922";49
563;"615909";72
564;"550124";72
565;"595703";64
566;"465305";47
567;"500502";47
568;"605719";8
569;"620615";73
570;"415131";61
571;"240927";3
572;"205804";3
573;"670810";69
574;"721225";1
575;"700404";58
576;"745512";58
577;"636205";1
578;"775707";23
579;"335531";72
581;"495204";70
582;"500926";1
583;"655101";75
584;"765513";33
585;"425221";40
586;"471103";40
587;"455708";25
588;"606020";61
589;"610917";45
590;"490215";44
591;"746029";65
592;"650718";26
593;"545710";60
596;"481024";69
597;"430222";55
598;"701231";1
599;"775518";1
601;"660312";56
602;"655116";56
603;"665309";13
604;"655731";1
605;"705827";1
606;"495125";10
607;"640330";64
608;"720831";67
609;"620902";52
610;"795810";74
611;"521013";36
612;"606110";36
613;"775810";1
614;"475203";14
615;"495913";68
616;"750101";58
617;"740314";70
618;"325316";57
619;"200907";6
620;"185213";6
621;"390317";54
622;"316123";74
623;"250904";24
624;"325726";24
625;"786124";60
626;"800413";9
627;"720411";17
628;"705527";17
629;"760310";16
630;"520303";61
631;"565322";70
632;"460316";67
633;"385612";67
635;"275629";17
636;"350217";17
637;"706215";39
638;"615203";54
639;"780802";31
640;"790415";26
641;"625704";40
642;"631025";40
643;"495613";1
644;"615423";35
645;"251221";14
646;"225929";34
647;"290406";34
648;"355928";70
649;"785502";13
651;"765127";54
652;"381208";61
653;"306121";1
654;"425517";64
655;"421210";32
656;"560606";1
657;"265710";8
658;"261221";8
659;"651207";24
660;"230322";16
661;"195115";16
662;"450807";5
663;"230120";24
664;"805319";77
665;"325405";62
666;"820523";26
667;"815720";26
668;"426225";1
669;"566219";12
670;"590121";1
671;"715227";10
672;"296109";46
673;"391029";36
674;"275111";11
675;"751112";50
676;"530207";70
677;"630524";5
678;"335528";39
679;"400319";8
680;"405509";8
681;"770115";15
682;"791021";18
683;"455829";76
684;"765410";3
685;"306213";72
686;"716003";32
687;"750128";32
688;"540504";1
689;"640802";70
690;"421107";38
691;"445113";38
692;"365111";74
693;"350317";74
694;"360228";29
695;"550627";28
696;"526201";28
697;"740501";1
698;"540227";75
699;"225422";26
700;"291120";12
702;"686107";31
703;"590426";4
704;"750501";54
705;"381210";19
706;"480805";1
707;"411214";1
708;"776127";50
709;"341229";1
710;"251128";23
711;"635816";48
712;"621204";54
713;"805329";20
714;"701008";31
715;"525115";1
716;"546204";1
717;"680502";54
718;"605228";54
719;"740809";46
720;"540906";29
721;"400215";43
722;"706125";62
723;"575726";12
724;"535202";65
725;"561211";75
726;"350213";16
727;"305720";32
728;"320120";32
729;"695317";63
730;"730814";63
731;"795122";74
732;"780705";74
733;"780728";46
734;"855114";46
735;"731126";1
736;"775426";1
737;"521104";74
738;"200326";25
739;"420416";72
740;"231107";55
741;"410709";74
742;"516015";1
743;"410217";1
744;"400718";26
745;"665214";52
746;"620416";52
747;"535820";24
748;"361015";25
749;"335729";25
750;"565929";70
751;"590309";70
752;"441220";72
753;"405924";72
754;"475604";63
755;"471121";72
756;"200513";31
757;"706220";71
758;"615726";68
759;"550520";29
760;"365825";57
762;"370420";21
763;"275824";75
764;"556013";49
765;"691231";65
766;"265703";1
767;"230616";1
768;"315923";32
769;"771215";40
772;"441210";64
773;"351030";4
774;"730303";70
775;"406130";51
776;"535503";1
777;"610520";1
778;"400604";13
779;"445612";69
780;"240226";3
781;"450920";72
782;"635318";5
783;"715325";27
784;"641228";27
785;"340909";63
786;"780906";53
787;"471208";3
788;"740903";47
789;"310921";4
790;"675509";63
791;"505929";68
793;"780204";21
794;"795716";21
796;"190830";1
797;"480127";8
798;"405212";27
799;"360219";27
803;"510215";35
804;"565123";35
806;"800422";60
807;"696021";53
808;"631128";31
809;"191015";49
810;"455924";58
811;"400528";58
812;"401206";39
813;"640129";70
814;"591001";19
815;"646027";22
816;"585201";17
818;"660427";54
819;"580708";74
820;"606106";74
821;"480512";49
822;"595508";37
823;"561024";41
824;"520905";27
825;"770402";74
826;"780123";1
827;"655904";10
828;"581210";10
829;"570519";24
830;"480827";69
831;"480502";2
832;"236223";67
833;"600611";5
834;"221217";54
835;"436020";28
836;"480614";28
837;"741014";71
838;"685204";71
839;"555518";47
840;"370426";20
841;"810210";69
842;"335703";12
843;"575903";54
844;"450114";22
845;"535130";22
846;"491201";35
847;"791225";49
849;"395606";26
850;"690921";19
851;"190616";25
852;"165604";25
853;"490602";70
854;"416102";72
855;"300128";58
856;"190122";23
857;"480221";32
858;"595329";47
859;"685729";1
860;"671208";1
861;"565913";1
862;"520105";30
863;"686129";54
864;"530327";11
865;"466103";11
866;"756124";38
870;"570506";70
871;"740311";76
872;"630222";35
873;"440105";60
874;"525905";14
875;"561207";14
876;"601125";1
877;"275121";5
878;"200417";5
879;"436208";38
880;"600217";49
881;"755222";5
882;"335909";70
883;"205106";75
884;"181014";75
885;"230208";34
886;"480202";34
887;"736128";66
888;"731026";28
889;"816024";54
890;"190330";77
891;"310131";33
892;"225524";42
893;"356023";43
894;"340818";75
895;"700703";39
896;"735424";36
897;"810325";36
898;"435427";38
899;"440213";38
900;"770410";73
901;"191221";39
902;"500815";23
903;"340306";31
904;"320208";1
905;"401023";38
906;"780616";65
907;"480311";51
908;"615307";51
909;"750907";23
910;"610927";1
911;"391128";43
912;"201029";76
913;"381118";1
914;"215119";1
915;"750503";12
916;"580629";3
917;"735916";25
918;"641223";26
921;"545213";7
922;"725816";22
923;"780822";22
924;"530712";1
925;"590813";54
926;"810122";1
927;"741026";1
928;"516010";66
929;"350423";30
930;"595825";68
931;"680607";16
932;"470927";3
933;"785311";33
934;"820819";33
935;"465517";42
936;"430730";42
937;"311114";1
938;"445807";59
939;"520803";21
940;"600811";53
941;"351005";10
942;"315902";12
943;"360926";12
944;"701218";39
945;"775110";39
946;"510806";54
948;"240422";49
949;"760727";3
950;"655412";76
951;"600917";76
952;"515501";63
953;"371017";25
954;"426020";1
955;"700128";57
956;"661021";1
957;"416223";56
958;"420504";56
959;"625912";11
960;"575413";16
961;"316004";15
962;"660219";19
963;"666217";64
964;"536021";10
965;"726201";13
966;"780902";13
967;"790620";76
968;"570217";69
970;"570329";36
971;"195101";46
972;"170506";46
973;"706006";14
974;"630624";14
975;"595712";1
976;"556119";16
977;"265510";76
978;"685609";56
979;"661118";56
980;"610930";40
981;"600628";5
984;"490703";20
985;"475113";20
986;"550516";74
987;"520520";60
988;"396001";40
989;"330815";40
990;"611224";71
991;"410627";32
992;"480521";19
993;"696031";44
994;"710427";36
995;"736030";36
996;"805626";1
997;"501111";59
998;"535628";59
999;"665901";74
1000;"611027";74
1001;"470414";44
1002;"445308";42
1003;"376031";31
1004;"570925";3
1006;"425628";46
1007;"380105";46
1008;"560706";6
1009;"625427";33
1010;"550816";33
1011;"390713";16
1012;"665213";70
1013;"730312";70
1014;"310208";1
1015;"340313";62
1016;"405721";62
1017;"435212";6
1018;"450228";53
1019;"466222";14
1020;"775510";72
1021;"770805";2
1022;"400723";31
1023;"381228";1
1024;"560329";25
1025;"640708";15
1026;"790812";57
1027;"406104";1
1028;"341002";1
1029;"545316";1
1030;"471011";1
1031;"686211";2
1032;"386030";1
1033;"371014";1
1034;"746111";52
1035;"715328";13
1036;"761206";13
1037;"656101";1
1038;"615923";69
1039;"806011";70
1040;"600617";1
1041;"610705";72
1042;"665925";17
1043;"631116";17
1044;"715913";9
1045;"476224";60
1046;"750824";1
1047;"635711";16
1048;"746003";70
1049;"421111";1
1050;"715701";27
1051;"715826";73
1052;"640311";56
1053;"585603";56
1054;"240820";63
1055;"190517";4
1056;"630619";1
1057;"390221";52
1058;"755801";9
1059;"600603";26
1060;"576217";26
1062;"750108";16
1063;"765612";16
1064;"515203";1
1065;"571126";2
1066;"401018";1
1067;"520514";1
1068;"266020";13
1069;"385221";54
1070;"381202";54
1071;"250125";43
1072;"666208";60
1073;"240410";34
1074;"285825";34
1075;"345604";65
1076;"795511";53
1077;"200623";46
1078;"786215";24
1079;"610715";3
1080;"506006";54
1081;"701216";71
1082;"670223";9
1083;"371215";48
1084;"445409";48
1085;"326219";60
1086;"730504";74
1087;"785730";74
1088;"695823";47
1089;"391209";1
1090;"395620";35
1091;"405627";59
1092;"625720";41
1093;"765728";62
1094;"606004";30
1095;"540216";30
1096;"265303";1
1097;"300902";1
1098;"485910";60
1099;"796121";65
1100;"510704";59
1101;"460622";74
1102;"350129";72
1103;"510818";1
1104;"555209";1
1105;"420103";56
1106;"405225";56
1107;"610426";60
1108;"556222";62
1109;"315901";58
1110;"285324";10
1111;"790604";61
1112;"305725";13
1113;"760820";11
1114;"800618";59
1115;"205824";36
1116;"735419";69
1117;"766101";20
1118;"691103";20
1119;"805105";54
1120;"736021";41
1121;"390302";59
1122;"210218";20
1123;"225826";20
1124;"280412";21
1125;"345330";9
1126;"351023";9
1127;"741112";23
1128;"300716";7
1129;"310924";43
1130;"406126";70
1131;"476028";55
1132;"480321";55
1133;"585915";37
1134;"591001";37
1135;"520721";8
1136;"765918";9
1137;"775305";1
1138;"705930";70
1139;"730922";70
1140;"460224";18
1141;"415422";21
1142;"466119";59
1143;"460515";59
1145;"685914";58
1146;"651114";54
1147;"300512";3
1148;"410515";41
1149;"765925";14
1150;"455624";74
1151;"730306";59
1152;"810312";74
1153;"806115";70
1154;"240131";72
1155;"225710";72
1156;"336111";1
1157;"586230";4
1158;"545821";1
1159;"440203";64
1160;"385728";64
1161;"730525";7
1162;"755219";26
1163;"640828";20
1164;"595914";15
1165;"426002";15
1166;"590627";74
1167;"545317";74
1168;"780531";19
1169;"415124";18
1170;"770428";12
1171;"745328";46
1172;"235613";54
1173;"220602";54
1174;"705313";29
1175;"251025";1
1176;"185831";1
1177;"395621";77
1178;"716004";1
1179;"306005";1
1180;"441006";21
1181;"391112";1
1182;"466016";66
1183;"421129";54
1186;"475805";2
1187;"615906";32
1188;"680919";32
1189;"325215";74
1190;"765412";15
1191;"770602";15
1192;"255101";10
1193;"260129";19
1194;"395614";17
1195;"395122";39
1196;"430416";22
1197;"666002";6
1198;"755217";72
1199;"766024";64
1200;"316117";47
1201;"450910";54
1202;"806011";47
1204;"746109";77
1206;"570621";50
1207;"395917";28
1208;"755901";70
1209;"575409";36
1210;"611012";6
1211;"780714";1
1212;"275919";13
1213;"660428";1
1214;"401115";61
1215;"440506";45
1216;"455612";65
1217;"370417";59
1218;"800527";74
1219;"440731";1
1220;"536216";40
1221;"735518";14
1222;"396130";7
1223;"555813";14
1224;"380512";56
1225;"460821";42
1226;"515414";33
1227;"551002";33
1228;"495828";21
1229;"710202";19
1231;"655927";20
1232;"590413";20
1233;"421022";68
1234;"750115";23
1235;"795712";23
1236;"675428";26
1237;"231107";57
1238;"350901";74
1239;"765909";11
1240;"765824";32
1241;"426217";73
1242;"445821";73
1243;"746005";11
1244;"640502";1
1245;"790813";64
1246;"621119";70
1247;"696009";70
1248;"710624";19
1250;"525801";43
1251;"590530";1
1252;"535819";1
1253;"675828";14
1254;"395831";3
1255;"665807";1
1256;"556113";46
1257;"285901";35
1258;"240920";35
1259;"660929";18
1260;"455103";57
1261;"510928";57
1262;"520403";35
1263;"595225";35
1264;"766003";61
1265;"586221";57
1266;"526124";71
1267;"545211";29
1268;"490330";29
1269;"486231";1
1270;"300516";13
1271;"351129";47
1272;"440415";8
1273;"780615";6
1274;"760125";44
1275;"516010";1
1276;"425426";68
1277;"310407";70
1278;"780912";72
1279;"560711";16
1280;"520508";34
1281;"496228";34
1282;"361127";52
1283;"395209";66
1284;"430804";66
1285;"391126";62
1286;"505313";52
1287;"445809";65
1288;"720520";73
1289;"460918";59
1290;"760129";35
1291;"645418";1
1292;"770428";14
1293;"270129";1
1294;"305529";1
1295;"445209";74
1296;"595801";55
1297;"185128";64
1298;"210315";64
1299;"206016";2
1300;"791027";45
1303;"405816";42
1304;"360728";37
1305;"455428";55
1306;"226008";32
1307;"530408";74
1308;"540218";69
1309;"750617";1
1310;"775924";41
1311;"566218";54
1312;"355403";35
1313;"701120";54
1314;"755609";54
1315;"230226";34
1316;"466113";67
1317;"450518";67
1318;"310310";47
1321;"776109";35
1322;"455922";4
1323;"440106";70
1324;"565807";66
1325;"450919";39
1326;"565512";55
1327;"636231";20
1328;"375605";42
1329;"180216";26
1330;"680917";66
1331;"631124";54
1332;"576127";5
1333;"490420";48
1334;"780206";8
1335;"615125";1
1336;"621104";1
1337;"795329";56
1338;"830726";56
1339;"590504";22
1340;"395320";68
1341;"625617";69
1343;"395816";1
1344;"350218";1
1345;"680522";32
1346;"540829";13
1347;"700306";13
1348;"755607";13
1349;"685107";26
1350;"590428";1
1351;"515924";1
1352;"715401";54
1353;"590213";27
1354;"210114";64
1355;"765201";35
1356;"320918";1
1359;"515904";1
1360;"460819";1
1361;"225929";1
1362;"290103";1
1363;"796227";6
1364;"331228";1
1365;"385223";1
1366;"805302";12
1367;"656027";60
1368;"571230";60
1369;"781023";41
1370;"655111";34
1371;"486022";49
1372;"766207";28
1373;"755208";74
1375;"770127";69
1376;"580903";18
1377;"515723";18
1378;"416125";74
1379;"370218";74
1380;"535729";44
1382;"796123";18
1383;"821005";29
1384;"535424";40
1385;"530830";22
1386;"565809";22
1387;"775222";1
1388;"625906";5
1389;"275304";43
1390;"795527";59
1391;"651122";41
1392;"320206";50
1393;"345501";50
1394;"425822";49
1395;"411018";49
1396;"465314";39
1397;"216225";66
1401;"810724";35
1402;"361125";44
1403;"445102";44
1404;"686220";11
1406;"486112";29
1407;"410804";29
1408;"690807";49
1409;"510430";25
1410;"440203";18
1411;"395806";18
1412;"791105";6
1413;"695716";11
1414;"746113";70
1416;"271202";19
1417;"666112";27
1418;"745616";41
1419;"185125";74
1420;"160120";74
1421;"565210";20
1422;"765223";69
1423;"820411";69
1424;"520105";8
1425;"680827";12
1426;"645430";12
1427;"656216";14
1428;"200423";12
1429;"275904";12
1430;"825529";64
1431;"306108";55
1432;"615817";16
1433;"595710";72
1434;"670325";72
1435;"530625";52
1438;"636025";29
1439;"740910";29
1440;"780117";1
1441;"316205";42
1442;"330418";42
1443;"350125";29
1444;"425714";29
1445;"410724";68
1446;"540729";70
1447;"525621";70
1448;"576009";50
1449;"490629";41
1450;"695317";61
1452;"405528";72
1453;"665329";29
1454;"251003";73
1455;"275902";73
1456;"280424";70
1457;"346012";70
1458;"380408";67
1459;"760908";4
1460;"335313";23
1461;"691221";28
1462;"410302";49
1463;"365126";70
1464;"285401";36
1465;"310106";36
1466;"530822";39
1467;"240930";65
1468;"405416";77
1469;"665914";54
1470;"420504";1
1471;"385915";1
1472;"675910";1
1473;"316206";1
1474;"716215";45
1475;"320331";19
1476;"701130";70
1478;"690821";4
1479;"560622";1
1480;"430528";69
1481;"336123";62
1482;"505328";46
1483;"515510";1
1484;"520618";1
1485;"780514";7
1486;"745913";7
1487;"765827";48
1488;"610109";31
1489;"280124";6
1490;"280420";42
1491;"820421";19
1492;"685509";9
1493;"221229";1
1494;"155322";1
1495;"315210";1
1496;"425608";1
1497;"485803";53
1498;"410209";53
1499;"516129";74
1500;"811212";1
1501;"460122";68
1502;"730124";68
1503;"220901";58
1504;"185116";58
1505;"715625";65
1506;"310625";22
1507;"296122";22
1508;"545630";67
1509;"425419";62
1510;"485130";34
1511;"625306";13
1512;"425811";5
1513;"590821";74
1514;"570802";68
1516;"466017";38
1517;"561002";66
1518;"605728";3
1519;"590706";3
1520;"561105";72
1521;"791010";5
1522;"685514";52
1523;"315830";29
1524;"625113";30
1525;"430309";1
1526;"355315";1
1527;"341218";49
1528;"640320";57
1529;"725620";43
1530;"455806";74
1531;"605628";52
1532;"621030";52
1533;"601222";55
1534;"526222";17
1535;"361028";40
1536;"676013";37
1537;"791207";54
1539;"231119";32
1540;"371107";36
1541;"335306";36
1542;"191208";31
1543;"275602";31
1546;"300413";28
1547;"276220";28
1548;"230304";70
1549;"286114";70
1550;"466121";8
1554;"441215";55
1555;"500914";30
1556;"500402";66
1557;"596214";35
1558;"275125";11
1559;"401020";72
1561;"235916";1
1562;"190814";1
1563;"780806";3
1564;"475625";40
1565;"600519";71
1566;"666020";15
1567;"300419";50
1568;"275629";50
1569;"565717";54
1570;"580617";54
1571;"676015";7
1572;"636212";1
1574;"790218";18
1575;"236006";55
1576;"190502";55
1577;"440419";23
1578;"715815";40
1579;"631013";27
1580;"685618";1
1581;"635415";56
1582;"340214";54
1583;"725108";1
1584;"625129";1
1585;"350720";60
1586;"345112";60
1587;"280505";23
1588;"501029";45
1589;"516127";48
1590;"405810";13
1591;"535707";42
1592;"280411";56
1593;"255531";56
1594;"390929";56
1595;"546216";56
1596;"786022";58
1597;"560510";60
1598;"250425";67
1599;"641008";43
1600;"655615";43
1601;"695329";42
1602;"681230";42
1603;"680827";26
1604;"695721";26
1605;"805921";52
1606;"820902";65
1607;"415526";8
1608;"411111";53
1609;"445530";53
1610;"425423";68
1611;"636202";59
1612;"590630";59
1613;"610115";50
1614;"380518";21
1615;"525428";74
1616;"380523";54
1617;"505430";5
1618;"796207";17
1619;"425127";74
1620;"360515";74
1621;"525405";76
1622;"501012";52
1623;"630709";36
1624;"650910";9
1625;"735712";9
1628;"575325";12
1629;"660901";28
1630;"645219";28
1631;"760430";74
1632;"435220";8
1633;"725828";55
1634;"691110";55
1635;"305902";75
1636;"320912";75
1637;"431020";21
1638;"545130";40
1639;"595501";1
1640;"535613";51
1641;"235128";31
1642;"596010";1
1643;"765417";39
1644;"760606";56
1645;"615310";39
1646;"660317";8
1647;"785326";71
1648;"520312";46
1649;"505316";46
1650;"530329";1
1651;"665710";11
1653;"440619";42
1654;"631208";60
1655;"720204";74
1656;"685618";22
1657;"351002";32
1658;"295821";52
1659;"376215";1
1660;"826211";1
1661;"535416";47
1662;"670907";53
1663;"570429";19
1664;"186110";64
1665;"120302";64
1666;"410831";1
1667;"405813";1
1668;"495817";20
1669;"521025";47
1670;"610507";53
1671;"315915";57
1672;"280107";57
1673;"720709";48
1674;"206027";11
1675;"400215";74
1676;"530203";53
1677;"465907";53
1679;"425417";67
1680;"755328";29
1681;"401125";34
1682;"560907";69
1683;"516224";15
1684;"461025";15
1685;"445421";61
1686;"476108";1
1687;"470227";1
1688;"230810";32
1689;"361204";1
1690;"475817";46
1691;"785208";21
1692;"720207";62
1693;"805706";45
1694;"791227";45
1696;"235321";1
1697;"645110";55
1698;"671121";55
1699;"550311";17
1700;"490309";7
1701;"455611";7
1702;"735407";53
1703;"180111";50
1704;"146003";50
1705;"465701";19
1706;"440719";19
1707;"510218";10
1709;"526213";74
1710;"440211";54
1711;"625614";64
1712;"640101";64
1713;"350421";65
1714;"450522";58
1717;"795307";73
1718;"380727";75
1719;"700809";35
1720;"345224";33
1721;"340702";33
1722;"331001";68
1723;"815228";71
1724;"346021";68
1725;"595118";76
1726;"520603";76
1727;"510121";32
1728;"465818";32
1729;"470516";76
1730;"321215";40
1731;"686130";17
1733;"745720";57
1734;"751110";26
1735;"765531";26
1736;"795417";41
1737;"550730";27
1738;"635125";27
1741;"320702";70
1742;"540606";1
1743;"590727";3
1744;"696228";50
1745;"596018";23
1746;"595910";11
1747;"560220";11
1748;"761231";64
1749;"286117";50
1750;"641231";23
1751;"590124";54
1752;"781123";70
1753;"795226";60
1754;"790529";57
1755;"655818";65
1756;"360708";1
1757;"375930";1
1758;"471113";35
1759;"235116";63
1760;"230307";77
1761;"480423";45
1762;"561230";61
1763;"671207";46
1764;"710709";66
1765;"750803";9
1768;"510427";29
1769;"490805";12
1770;"516015";12
1771;"276020";54
1772;"795921";73
1774;"716005";32
1775;"431208";73
1776;"546024";30
1777;"635108";69
1778;"680902";69
1779;"351126";37
1780;"546209";54
1781;"240816";67
1782;"481224";19
1783;"466005";1
1784;"806102";2
1785;"751125";39
1786;"345625";63
1787;"311128";63
1788;"500323";1
1789;"335807";61
1790;"530528";1
1791;"665512";5
1792;"750901";54
1793;"455317";41
1794;"405330";54
1795;"605228";38
1796;"381123";10
1797;"416104";10
1798;"330708";70
1799;"590626";36
1800;"435928";63
1801;"700101";66
1802;"646016";66
1803;"465512";25
1806;"520103";5
1807;"350630";47
1808;"335626";47
1809;"310512";24
1810;"190630";41
1811;"390329";1
1812;"475517";36
1813;"490928";36
1814;"400312";57
1815;"775224";16
1816;"510724";62
1817;"536206";47
1818;"561002";47
1819;"795420";43
1820;"286120";50
1821;"410424";1
1822;"225913";71
1823;"785807";1
1824;"600803";69
1825;"745424";51
1826;"370912";13
1827;"415816";13
1828;"621114";69
1829;"425816";51
1830;"520203";33
1831;"761009";51
1832;"665731";1
1833;"661115";30
1834;"270219";7
1835;"285311";7
1836;"445307";36
1837;"570113";67
1838;"596127";67
1839;"366218";5
1840;"351028";5
1841;"535323";67
1842;"430913";9
1843;"395125";48
1844;"225203";74
1845;"181114";74
1846;"801212";48
1847;"795130";52
1848;"245702";6
1849;"225924";57
1850;"425705";52
1851;"755912";31
1852;"620905";50
1853;"650818";1
1854;"325527";70
1856;"685822";54
1857;"640316";54
1860;"646031";1
1861;"570715";29
1862;"776009";50
1863;"520216";54
1864;"480314";22
1865;"495609";22
1866;"425611";64
1867;"445924";1
1868;"800216";60
1869;"335214";1
1870;"350429";1
1871;"805220";1
1872;"635124";52
1873;"681026";52
1874;"461020";1
1875;"761019";15
1876;"510701";1
1877;"575821";47
1878;"630902";47
1879;"445402";21
1880;"740808";1
1881;"340124";72
1882;"325524";72
1883;"616027";18
1884;"765126";59
1885;"705107";47
1886;"200407";34
1887;"260715";54
1888;"185924";66
1889;"575728";32
1890;"555814";14
1891;"595304";62
1892;"280326";66
1893;"345211";66
1894;"476105";1
1895;"656103";47
1896;"820208";48
1897;"695307";36
1898;"610801";73
1899;"410703";10
1900;"651122";23
1901;"626107";23
1903;"395830";1
1904;"410222";66
1905;"495518";72
1906;"220707";63
1907;"285908";75
1908;"200117";33
1909;"445316";35
1910;"461108";67
1911;"385421";48
1912;"720226";57
1913;"680415";69
1914;"425620";39
1915;"390909";39
1916;"260719";28
1917;"695313";69
1919;"490504";30
1920;"750807";42
1921;"466026";1
1922;"490403";1
1923;"585507";1
1924;"380529";67
1925;"380623";37
1926;"355208";37
1927;"520426";77
1928;"525814";77
1929;"555815";65
1930;"345221";38
1931;"426114";16
1932;"405121";15
1934;"336121";70
1935;"295512";68
1936;"556016";15
1937;"600327";15
1938;"395930";57
1939;"250814";1
1940;"235122";1
1941;"215712";10
1942;"150510";10
1943;"260211";39
1944;"575122";31
1945;"540603";54
1946;"350719";72
1947;"810208";23
1948;"395219";71
1949;"420623";71
1950;"290706";26
1951;"710429";41
1952;"715309";52
1953;"650922";52
1954;"520728";69
1955;"716028";66
1956;"255709";1
1957;"720304";63
1958;"776121";63
1959;"201226";1
1960;"460823";22
1961;"205604";31
1962;"501118";6
1963;"450612";38
1964;"310805";17
1965;"390810";75
1966;"485701";19
1967;"636115";1
1968;"600813";1
1969;"265826";53
1970;"476105";1
1971;"695314";3
1972;"465429";1
1973;"315913";60
1974;"180714";10
1975;"155927";10
1976;"181012";72
1977;"356025";10
1978;"525522";18
1979;"265319";51
1980;"590430";77
1981;"705922";19
1982;"770708";53
1983;"825205";53
1984;"260829";1
1985;"371213";6
1986;"425813";6
1988;"520504";13
1989;"395113";50
1990;"431125";50
1991;"181109";64
1993;"750621";1
1994;"675706";1
1995;"415410";50
1996;"370320";1
1997;"776109";1
1998;"786215";40
1999;"825210";74
2000;"425509";39
2001;"775805";34
2002;"186126";70
2003;"210615";70
2004;"745203";1
2005;"791003";30
2006;"625822";41
2007;"580913";41
2008;"400607";47
2009;"360116";12
2010;"520812";37
2011;"256118";46
2012;"230627";46
2013;"405710";1
2015;"686115";1
2016;"341009";55
2017;"315123";55
2018;"455825";56
2019;"320928";73
2020;"256220";73
2021;"191208";67
2022;"391112";56
2023;"315902";56
2024;"340415";62
2025;"411231";39
2026;"346203";39
2027;"300122";12
2028;"246017";12
2029;"235919";5
2030;"805804";5
2031;"261215";54
2032;"430321";1
2033;"375702";1
2034;"260612";13
2035;"285727";13
2037;"485826";69
2038;"805329";1
2039;"695120";68
2040;"440807";59
2041;"560811";68
2042;"820704";49
2043;"545915";77
2044;"615918";32
2045;"560822";28
2046;"525826";28
2047;"435725";11
2048;"285603";23
2049;"270220";70
2050;"325523";70
2051;"186207";74
2052;"140519";74
2053;"180207";16
2054;"481206";48
2055;"765831";56
2056;"781209";1
2057;"765102";6
2058;"710302";76
2059;"720630";43
2060;"715604";43
2061;"530727";63
2062;"545522";63
2063;"505926";68
2064;"260730";53
2065;"780820";64
2066;"721027";1
2067;"791020";56
2068;"305524";72
2069;"235101";70
2070;"725723";70
2071;"731219";1
2072;"445209";75
2073;"560208";22
2074;"615916";24
2075;"220129";74
2076;"575207";63
2077;"305301";44
2078;"785803";10
2079;"255529";72
2080;"631226";60
2081;"726106";46
2082;"330204";67
2083;"430312";71
2084;"295216";1
2085;"281128";1
2086;"546029";35
2087;"770929";68
2088;"485826";32
2089;"675609";70
2090;"701007";70
2091;"285117";48
2092;"450321";72
2093;"700624";48
2094;"755906";48
2095;"740430";9
2096;"745906";74
2097;"361111";53
2098;"395528";53
2099;"180116";1
2100;"315929";33
2101;"350624";33
2102;"410527";51
2103;"445204";18
2104;"480108";37
2105;"475718";42
2106;"215321";74
2107;"230418";74
2108;"455421";77
2109;"505514";15
2110;"676103";3
2111;"245529";57
2112;"270915";21
2113;"370404";68
2114;"180821";51
2115;"145301";51
2116;"300614";76
2117;"450228";53
2118;"701112";1
2119;"605518";30
2121;"790925";64
2122;"705717";1
2123;"820517";53
2124;"495114";68
2125;"750412";71
2126;"755328";52
2128;"555813";38
2129;"621207";75
2130;"456029";21
2131;"755211";39
2132;"690206";39
2133;"216128";53
2134;"171214";53
2135;"405808";24
2136;"405724";28
2137;"626109";73
2138;"801219";68
2139;"325306";18
2140;"261018";18
2141;"510906";28
2142;"416220";21
2143;"481112";21
2144;"605128";15
2145;"686224";39
2146;"730104";65
2147;"635814";69
2148;"535720";31
2149;"235409";33
2150;"410417";61
2151;"456230";61
2152;"295907";17
2153;"495516";36
2154;"576128";60
2155;"580610";15
2156;"666227";33
2157;"451117";11
2158;"810506";10
2159;"305123";74
2160;"450531";70
2161;"205306";1
2162;"130912";1
2163;"180408";52
2164;"411029";47
2165;"455302";47
2166;"475722";30
2167;"811213";1
2168;"635712";46
2169;"710101";46
2170;"420430";70
2171;"581128";1
2172;"295821";7
2173;"516217";56
2174;"525808";74
2175;"425103";53
2176;"460716";18
2177;"425530";24
2178;"390809";46
2179;"396027";9
2180;"726017";51
2181;"680722";46
2182;"296201";75
2183;"310821";75
2184;"700707";24
2185;"575620";20
2186;"425726";48
2187;"330312";40
2188;"255825";40
2189;"626115";21
2190;"741022";28
2191;"795804";28
2192;"565412";1
2193;"520726";1
2194;"615822";50
2195;"425913";68
2196;"555216";31
2197;"626210";47
2198;"205222";17
2199;"111209";17
2200;"530731";66
2201;"290223";44
2202;"285817";44
2203;"391001";10
2204;"465819";54
2205;"521212";55
2206;"645604";10
2207;"615217";70
2208;"590109";70
2209;"275613";30
2210;"330423";30
2211;"205224";3
2212;"720527";52
2213;"681107";3
2214;"461107";5
2215;"250129";10
2216;"725704";1
2217;"740220";1
2218;"681108";43
2219;"646128";43
2220;"525217";20
2221;"450315";20
2222;"345803";1
2223;"435524";70
2224;"321004";54
2225;"606106";4
2226;"646009";74
2227;"750725";42
2228;"405320";43
2229;"440907";68
2230;"690531";5
2231;"716013";21
2232;"670527";36
2233;"646224";36
2235;"405420";14
2236;"785627";44
2237;"581003";47
2238;"545219";47
2239;"765109";6
2240;"325312";47
2241;"261230";47
2242;"765605";1
2243;"800704";1
2246;"535801";55
2247;"785113";35
2248;"751024";7
2249;"456207";32
2250;"386208";34
2251;"716013";26
2252;"651115";37
2253;"575909";37
2254;"276209";72
2255;"235824";50
2256;"740605";70
2257;"795831";62
2258;"791103";62
2259;"505102";19
2260;"625422";62
2261;"561113";62
2263;"340817";1
2264;"430508";4
2265;"770918";52
2266;"390123";16
2267;"665410";1
2268;"381226";10
2269;"636110";48
2270;"605421";61
2271;"641107";61
2274;"641014";9
2275;"655724";9
2276;"325427";44
2277;"790325";1
2278;"210701";76
2279;"531106";52
2280;"745424";10
2281;"785606";76
2282;"730311";60
2283;"610809";1
2286;"666126";54
2287;"791021";47
2288;"575823";32
2289;"540821";32
2290;"545530";31
2291;"570919";6
2292;"211110";59
2293;"691122";1
2294;"526227";32
2295;"395228";22
2296;"420613";22
2297;"650118";48
2298;"695515";48
2299;"405220";6
2300;"615707";35
2301;"601219";35
2302;"570126";74
2303;"395401";61
2304;"390211";61
2305;"495610";70
2306;"430821";70
2307;"230906";26
2308;"746031";27
2309;"765513";15
2310;"390723";40
2311;"356001";40
2312;"755215";11
2313;"801029";70
2314;"596216";34
2315;"631008";34
2316;"700325";1
2317;"760222";1
2318;"235919";20
2319;"705516";40
2320;"510523";60
2321;"685112";68
2322;"280611";15
2323;"425629";48
2324;"780716";27
2325;"555203";2
2326;"456214";72
2327;"191027";73
2328;"681002";24
2329;"730102";18
2330;"486117";40
2331;"575531";42
2332;"496222";60
2333;"491012";60
2335;"345328";66
2336;"220717";12
2337;"175409";12
2338;"575725";58
2339;"561206";58
2340;"530502";42
2341;"475713";42
2342;"481218";70
2343;"590318";1
2344;"245427";3
2345;"420719";33
2346;"476025";33
2347;"436217";35
2348;"330424";35
2349;"685710";46
2350;"670609";46
2351;"650417";38
2352;"775929";70
2353;"295917";4
2354;"671221";1
2355;"485630";6
2356;"300710";52
2357;"375110";52
2358;"466016";74
2359;"530701";74
2361;"680924";9
2362;"745902";9
2363;"470618";43
2364;"715426";56
2365;"535626";46
2366;"300101";35
2367;"315405";35
2368;"436222";64
2369;"401219";64
2370;"565821";41
2371;"565207";70
2372;"715409";23
2373;"540119";15
2374;"680727";9
2375;"655725";72
2376;"640819";72
2377;"501117";49
2378;"535313";63
2379;"645619";33
2380;"270817";40
2381;"316011";40
2382;"276025";62
2383;"475101";31
2384;"461217";31
2385;"330505";13
2386;"345310";13
2387;"455716";77
2388;"710729";42
2389;"240720";25
2390;"380513";57
2391;"420124";1
2392;"550521";26
2393;"765823";16
2394;"620604";5
2395;"530311";8
2396;"495829";41
2397;"180714";46
2398;"555825";71
2399;"435502";42
2400;"590410";19
2401;"485126";26
2402;"481026";41
2403;"635125";1
2404;"775705";27
2405;"750821";27
2406;"566006";49
2407;"750827";51
2408;"405428";6
2409;"640527";54
2410;"735208";73
2411;"680817";73
2412;"801026";20
2413;"610809";46
2414;"505713";54
2415;"570424";54
2416;"546223";72
2417;"385621";48
2418;"536227";1
2419;"545623";1
2420;"725606";48
2421;"701110";48
2422;"765609";68
2423;"570709";42
2424;"201110";54
2425;"775718";6
2426;"270609";74
2427;"346130";74
2428;"465627";1
2429;"731122";70
2430;"371028";5
2431;"661010";75
2432;"245308";27
2433;"640619";32
2434;"455524";42
2435;"436018";16
2436;"345806";25
2437;"361227";45
2438;"465919";52
2439;"441126";52
2440;"350909";17
2441;"281006";1
2442;"275708";1
2443;"490523";75
2444;"340826";4
2445;"690226";54
2447;"721007";68
2448;"715701";68
2449;"671228";1
2450;"755517";54
2451;"391206";42
2452;"525607";64
2453;"240113";13
2454;"405904";69
2455;"191104";72
2456;"236204";72
2457;"400817";68
2458;"325809";68
2459;"745722";20
2460;"635105";19
2461;"670402";64
2462;"340606";19
2463;"441217";7
2464;"450901";30
2465;"731017";51
2467;"465516";36
2468;"650318";71
2469;"575910";54
2470;"430614";53
2471;"425105";53
2472;"765329";70
2473;"766017";20
2474;"570406";42
2475;"825202";44
2476;"575216";75
2477;"520614";75
2478;"405524";48
2479;"595331";31
2480;"766208";46
2481;"480622";6
2482;"250107";34
2483;"296230";34
2484;"691221";68
2485;"330515";20
2486;"616005";76
2487;"675925";67
2488;"805922";9
2489;"755128";64
2490;"615326";61
2491;"395320";5
2492;"431213";5
2493;"621009";1
2494;"710106";37
2495;"396214";58
2496;"720707";1
2497;"625406";34
2498;"800312";37
2499;"440804";13
2500;"465820";24
2501;"406204";70
2502;"355313";1
2503;"775923";54
2504;"500109";61
2505;"605430";25
2506;"760927";76
2507;"525826";37
2508;"655807";72
2509;"710206";72
2510;"595610";72
2511;"755327";35
2512;"740727";35
2513;"410508";41
2514;"570211";59
2515;"580603";12
2516;"425105";33
2517;"240909";18
2518;"215507";18
2519;"705806";29
2520;"440730";62
2521;"475330";55
2522;"370908";74
2523;"376202";74
2524;"590731";36
2525;"525710";36
2526;"640726";1
2527;"475731";44
2528;"770216";25
2529;"390622";70
2530;"500211";8
2531;"545124";5
2532;"370509";29
2533;"295717";40
2534;"430110";1
2535;"450110";1
2536;"611022";64
2537;"571010";73
2538;"800223";56
2539;"725121";32
2540;"810626";46
2542;"441219";3
2543;"525827";3
2545;"535928";9
2546;"616203";41
2547;"536029";48
2548;"531006";48
2549;"235505";70
2550;"766012";1
2551;"395811";70
2552;"645124";74
2553;"761124";34
2554;"410920";64
2555;"630923";42
2556;"515210";44
2557;"570218";7
2558;"590118";30
2559;"655331";8
2560;"745620";70
2561;"450726";48
2562;"521101";42
2563;"710908";74
2565;"460522";64
2566;"635325";29
2567;"430530";64
2568;"385611";64
2569;"480401";69
2570;"475619";69
2571;"795425";43
2572;"531008";1
2573;"655310";1
2574;"325422";29
2576;"795516";46
2577;"180107";70
2578;"540708";76
2579;"355102";11
2580;"350307";11
2581;"536119";52
2582;"381215";51
2583;"370617";75
2584;"446215";4
2585;"715828";75
2586;"660514";8
2587;"735103";8
2588;"580519";33
2589;"630217";21
2590;"646019";42
2591;"600227";42
2592;"805831";1
2593;"770610";1
2594;"630731";55
2596;"611008";31
2597;"695806";28
2598;"651025";28
2599;"460109";1
2600;"235417";7
2601;"610725";37
2602;"665820";37
2603;"726103";38
2604;"260711";22
2605;"255417";22
2606;"430104";31
2607;"430327";63
2608;"435915";58
2609;"770509";1
2610;"805503";1
2611;"381109";77
2612;"750203";38
2613;"771026";1
2614;"460314";72
2615;"455826";64
2616;"700707";50
2617;"625626";50
2618;"420814";17
2619;"695709";63
2620;"680718";63
2621;"560509";51
2622;"730607";71
2623;"655716";16
2625;"721007";57
2626;"400214";1
2628;"316105";1
2629;"311203";1
2630;"375820";64
2631;"700521";18
2632;"635225";18
2633;"675712";1
2635;"666210";67
2636;"181024";28
2637;"350606";64
2638;"420107";1
2639;"505304";45
2640;"510129";45
2642;"730904";22
2643;"465107";54
2644;"645323";6
2645;"200422";67
2646;"375607";63
2647;"400326";9
2648;"346010";9
2650;"750305";75
2651;"696127";75
2652;"495509";41
2653;"500125";1
2654;"396008";59
2655;"630812";44
2656;"550915";54
2657;"480709";73
2658;"330121";11
2659;"410524";46
2661;"616017";1
2662;"780829";1
2663;"761001";8
2666;"355706";47
2667;"720101";9
2668;"755209";9
2669;"270508";51
2670;"360913";45
2671;"725422";35
2672;"405326";7
2673;"590716";65
2674;"526003";65
2675;"240122";31
2676;"610601";61
2677;"220524";33
2678;"185515";33
2679;"380930";1
2680;"455902";1
2681;"715104";45
2682;"750114";45
2683;"295613";48
2684;"535211";74
2685;"695621";73
2686;"515324";19
2687;"490822";19
2688;"676024";60
2689;"230117";16
2690;"716225";58
2691;"640517";47
2692;"250530";44
2693;"765804";46
2694;"276006";15
2695;"290516";15
2696;"470904";2
2697;"485814";2
2698;"706007";31
2699;"770223";31
2700;"450222";34
2701;"520329";1
2702;"190226";7
2703;"735312";2
2704;"495522";1
2705;"240430";43
2706;"670702";3
2707;"690523";45
2708;"580812";73
2709;"460614";26
2712;"560117";25
2713;"620902";36
2714;"705306";6
2715;"570704";7
2716;"695713";25
2717;"300428";46
2718;"326222";46
2719;"646030";29
2720;"495905";1
2721;"505626";24
2724;"750301";35
2726;"735728";1
2727;"680205";1
2728;"220813";74
2729;"660828";1
2730;"470318";52
2731;"271208";38
2732;"535916";57
2733;"276111";3
2734;"341112";3
2735;"280731";64
2736;"585215";1
2738;"510425";1
2739;"500126";13
2740;"676123";36
2741;"306129";41
2742;"485827";65
2743;"396004";50
2744;"430222";50
2745;"395807";54
2746;"710225";1
2747;"361014";6
2748;"366006";6
2749;"215304";14
2750;"130713";14
2751;"575124";68
2752;"710809";48
2754;"785524";66
2755;"705323";1
2756;"195928";31
2758;"460714";1
2759;"740126";2
2760;"756212";68
2761;"775929";1
2762;"535423";29
2765;"815420";36
2766;"590915";70
2767;"545604";70
2768;"640402";1
2769;"370515";69
2770;"540708";1
2771;"201025";37
2772;"235108";37
2773;"195913";49
2774;"210223";49
2775;"785709";41
2776;"345607";31
2777;"705328";46
2778;"640516";57
2779;"480504";29
2780;"475116";29
2781;"606122";46
2782;"400913";31
2783;"400620";1
2784;"585725";36
2785;"620729";22
2786;"511102";24
2787;"766014";41
2788;"516021";49
2789;"516225";1
2790;"750210";16
2791;"211010";60
2794;"650122";18
2795;"685413";18
2796;"740625";15
2797;"501105";28
2798;"310627";65
2799;"616202";4
2800;"490826";2
2801;"190218";75
2802;"666129";1
2803;"311012";68
2804;"366110";68
2805;"640713";73
2806;"555701";58
2808;"745331";8
2809;"790214";33
2810;"710728";72
2811;"466207";1
2812;"705502";55
2813;"410410";70
2814;"735210";19
2815;"300630";35
2816;"385315";35
2817;"775219";1
2818;"630412";54
2819;"800812";8
2820;"661217";77
2821;"806101";45
2822;"581019";50
2823;"466218";70
2824;"410905";39
2825;"580329";65
2826;"350128";59
2827;"230213";63
2828;"495710";14
2829;"396227";33
2830;"741114";51
2831;"805709";68
2832;"270723";13
2833;"235709";13
2834;"490523";52
2835;"660127";27
2836;"195921";38
2837;"270521";38
2838;"650309";65
2839;"285705";72
2840;"340514";72
2841;"735410";18
2842;"580617";74
2843;"666006";70
2844;"621119";51
2845;"520902";7
2846;"695317";1
2847;"425725";34
2848;"390220";34
2849;"280402";19
2850;"700820";7
2851;"390810";54
2852;"425628";26
2853;"565425";28
2854;"490601";16
2855;"575726";16
2856;"231111";47
2857;"270203";33
2858;"265212";42
2859;"285924";68
2860;"580331";28
2862;"646007";49
2863;"680305";49
2864;"525409";51
2865;"481118";15
2866;"496030";15
2867;"605123";1
2868;"331214";14
2869;"750805";1
2870;"591128";29
2871;"676123";71
2872;"336027";77
2873;"755324";16
2874;"720910";34
2875;"360817";46
2876;"770107";1
2877;"320429";59
2878;"470417";68
2879;"770110";40
2880;"521230";60
2881;"675321";12
2882;"311214";70
2883;"530226";30
2884;"586010";40
2885;"656004";1
2886;"581003";1
2887;"615129";2
2888;"785909";1
2889;"431205";25
2890;"511011";62
2891;"575723";62
2892;"415321";3
2893;"276102";2
2894;"485725";70
2895;"775517";70
2896;"755516";1
2897;"250718";40
2898;"206017";40
2899;"180518";16
2900;"230322";18
2901;"395109";25
2902;"595703";8
2903;"591126";8
2904;"465518";64
2905;"510707";64
2906;"341216";5
2907;"325922";5
2908;"710228";1
2909;"361009";26
2910;"360928";76
2911;"320925";45
2912;"255728";45
2913;"621227";44
2915;"545222";33
2916;"720930";1
2917;"400118";16
2918;"670521";5
2919;"705908";5
2920;"625623";44
2921;"766220";64
2922;"400907";43
2923;"775321";35
2924;"415206";18
2925;"470908";18
2926;"340211";27
2927;"296228";27
2928;"320302";38
2929;"580310";1
2930;"410322";41
2932;"405711";1
2933;"421212";72
2934;"485427";72
2935;"445502";61
2936;"455311";3
2937;"490701";74
2938;"215601";8
2939;"180213";8
2940;"651016";1
2941;"510312";38
2942;"665603";67
2943;"805628";1
2944;"435823";71
2945;"210602";74
2946;"265123";74
2947;"575518";19
2948;"781120";47
2949;"430925";14
2950;"440606";46
2951;"505831";76
2952;"785117";52
2953;"360707";3
2954;"595812";38
2955;"520716";38
2956;"390806";23
2957;"780307";23
2958;"750507";48
2959;"571119";54
2960;"281219";1
2961;"336228";1
2962;"381110";1
2963;"395329";1
2964;"781127";8
2965;"185207";30
2966;"550220";65
2967;"615115";53
2968;"620824";40
2969;"230422";55
2970;"225406";55
2971;"776203";1
2972;"760114";1
2974;"515712";56
2975;"435318";33
2976;"225803";57
2977;"630206";39
2978;"485305";33
2979;"616222";4
2980;"740614";11
2981;"495205";16
2982;"735323";6
2983;"670723";6
2984;"635524";60
2985;"600413";60
2986;"520515";14
2987;"465601";14
2988;"610521";33
2989;"495201";17
2990;"385402";32
2991;"410731";32
2992;"660507";11
2994;"630722";18
2995;"415615";35
2996;"650129";1
2997;"415309";1
2998;"610402";1
2999;"795324";74
3000;"285402";41
3001;"581007";1
3002;"555513";42
3003;"735512";69
3004;"710713";69
3005;"310629";43
3006;"735808";22
3007;"640411";76
3008;"191219";73
3009;"575803";62
3010;"600112";62
3011;"550919";74
3012;"556110";70
3013;"505318";51
3014;"531105";51
3015;"520229";73
3016;"770823";40
3017;"410514";2
3018;"780128";61
3019;"690923";30
3020;"425827";32
3021;"610824";1
3022;"545922";1
3023;"590404";16
3024;"290308";60
3025;"326227";60
3026;"470325";22
3027;"590725";62
3028;"325423";34
3029;"700508";43
3030;"765510";68
3031;"655905";40
3032;"590410";40
3035;"641102";27
3036;"415331";16
3037;"420104";64
3038;"465305";6
3039;"695601";55
3041;"275424";4
3042;"685214";18
3043;"516115";63
3044;"451007";36
3045;"505318";10
3046;"255122";1
3047;"751001";45
3048;"235106";16
3049;"670406";6
3050;"675731";6
3051;"280311";65
3054;"580428";74
3055;"310223";51
3056;"595116";38
3057;"620305";38
3058;"435929";49
3059;"771129";61
3060;"600518";61
3061;"656005";61
3062;"305822";41
3063;"710129";27
3064;"300505";42
3065;"215821";24
3066;"825309";54
3067;"525621";57
3068;"540320";57
3069;"431023";21
3070;"201212";46
3071;"675223";38
3072;"360414";1
3073;"376023";1
3074;"581107";1
3075;"410505";74
3076;"626117";57
3077;"345224";50
3078;"320131";50
3079;"430519";67
3080;"515727";5
3081;"450302";5
3082;"796017";52
3083;"710407";41
3084;"515824";23
3085;"465629";62
3086;"480914";62
3087;"595921";46
3088;"500611";40
3089;"740726";46
3090;"681117";32
3091;"665303";15
3092;"676106";59
3093;"660221";35
3094;"500818";48
3095;"530629";36
3096;"820227";74
3097;"480822";48
3098;"380623";17
3099;"651113";17
3100;"310330";2
3101;"411213";1
3102;"795216";61
3103;"735307";64
3104;"825104";4
3105;"470817";68
3106;"285303";72
3107;"601116";30
3108;"625226";30
3109;"325421";7
3110;"310227";54
3111;"245207";54
3112;"390912";24
3113;"716112";60
3114;"710224";60
3115;"611130";72
3116;"510909";28
3117;"415622";62
3118;"400709";62
3119;"365126";50
3120;"640602";75
3121;"566018";57
3122;"590402";57
3123;"790725";1
3124;"585102";5
3125;"226030";10
3126;"380113";47
3127;"205618";1
3128;"445209";69
3129;"465801";5
3130;"555531";19
3131;"355614";1
3132;"755324";1
3133;"735420";31
3134;"380504";1
3135;"690106";48
3136;"631218";1
3137;"470226";70
3138;"435812";70
3139;"565923";46
3140;"590413";46
3141;"256109";9
3142;"190318";68
3143;"445202";21
3144;"190804";1
3145;"216104";1
3146;"480715";1
3147;"645426";19
3148;"420404";3
3149;"355109";3
3150;"325724";54
3151;"515727";1
3152;"361004";1
3153;"240617";26
3154;"265221";26
3155;"735408";44
3156;"546102";68
3157;"425226";1
3158;"406125";1
3159;"301027";24
3160;"510629";20
3161;"801118";66
3162;"600517";55
3163;"645526";1
3164;"620910";1
3165;"765901";3
3166;"550614";31
3167;"435908";48
3170;"210221";76
3171;"245426";76
3172;"511223";64
3173;"465418";66
3174;"521116";66
3175;"505719";64
3176;"370707";1
3177;"380812";24
3178;"695801";25
3179;"485312";45
3180;"440930";45
3181;"430215";27
3182;"255422";18
3183;"800224";70
3184;"596201";5
3185;"726126";17
3186;"555114";1
3187;"520902";7
3188;"765519";68
3190;"206101";1
3191;"756105";56
3192;"390714";6
3193;"505222";28
3194;"755817";51
3195;"715613";2
3196;"785814";72
3197;"580710";1
3198;"535305";1
3199;"576218";1
3200;"541115";1
3201;"535806";66
3202;"220719";56
3203;"595423";1
3204;"560326";1
3205;"215625";1
3206;"210521";1
3207;"256203";55
3208;"470206";27
3209;"395103";27
3210;"630830";14
3211;"675807";17
3213;"411004";1
3214;"220512";71
3215;"365506";64
3216;"591128";58
3217;"770502";61
3218;"651216";49
3219;"596018";49
3220;"570217";23
3221;"535716";23
3222;"770506";21
3225;"570317";13
3226;"511122";1
3227;"506028";59
3228;"570222";34
3229;"790418";50
3230;"825606";1
3231;"610603";21
3232;"761105";5
3233;"801130";1
3234;"195804";67
3235;"505612";46
3236;"605415";28
3239;"816116";7
3240;"376210";67
3241;"340914";26
3242;"375304";26
3243;"205930";71
3244;"330929";72
3245;"521202";70
3246;"310420";66
3247;"585421";69
3248;"295802";28
3249;"590120";17
3250;"625120";17
3251;"626228";52
3252;"610326";52
3253;"460702";70
3254;"300213";1
3255;"705104";8
3256;"760718";49
3257;"785511";73
3258;"605730";74
3259;"501015";71
3260;"425908";74
3261;"500410";74
3262;"415814";61
3264;"506020";63
3265;"635611";47
3266;"601008";47
3267;"510826";61
3268;"565331";1
3269;"741105";2
3270;"400122";12
3271;"425103";58
3272;"205718";9
3273;"180102";9
3274;"290122";26
3275;"245919";26
3276;"800321";52
3277;"660326";42
3278;"625420";42
3279;"545804";66
3280;"580531";66
3281;"501227";74
3282;"810902";29
3283;"331123";10
3284;"360702";2
3285;"435917";2
3286;"725315";74
3287;"780401";74
3288;"260128";69
3289;"775609";75
3290;"695712";11
3291;"470123";52
3292;"400121";18
3293;"535120";1
3294;"570308";52
3295;"665313";40
3296;"690611";23
3297;"680417";1
3298;"425805";5
3299;"615917";76
3300;"500629";53
3302;"645217";52
3303;"650109";52
3304;"390831";69
3305;"716011";41
3306;"480426";27
3307;"795701";14
3308;"480216";15
3309;"425429";15
3310;"540213";23
3311;"540825";51
3312;"716105";70
3313;"465210";60
3314;"316218";24
3315;"340621";24
3316;"476215";1
3317;"500424";1
3319;"795424";1
3320;"720214";1
3321;"695530";13
3322;"480229";31
3323;"815222";74
3324;"715413";26
3325;"630928";26
3326;"526226";57
3327;"375704";20
3328;"661011";24
3329;"610320";54
3330;"555415";54
3331;"705205";70
3332;"696115";46
3333;"495724";10
3334;"670701";1
3335;"670210";11
3336;"515530";64
3337;"520413";53
3338;"426129";69
3339;"765129";31
3340;"760216";54
3341;"686220";54
3342;"730929";73
3344;"610916";42
3345;"415127";37
3346;"410225";37
3347;"360119";11
3348;"785214";38
3349;"631221";42
3350;"500319";30
3351;"425915";30
3352;"190912";23
3353;"195421";23
3354;"436028";62
3355;"530115";38
3356;"740423";73
3357;"545721";63
3358;"751007";16
3359;"450224";1
3360;"765831";43
3361;"306002";40
3365;"665730";1
3366;"595212";54
3367;"520423";54
3368;"526024";14
3369;"520416";1
3370;"190328";25
3371;"196007";25
3372;"701030";1
3373;"521129";5
3374;"605813";5
3375;"541106";74
3376;"455119";11
3377;"380505";11
3378;"570421";5
3379;"495701";5
3380;"785403";74
3381;"655901";70
3382;"540228";54
3383;"565423";54
3384;"425803";41
3385;"245213";11
3386;"405308";49
3387;"430814";58
3388;"656026";53
3389;"675116";39
3390;"726117";53
3391;"710407";42
3392;"756031";1
3393;"545824";73
3394;"805704";66
3395;"621228";4
3396;"775303";18
3397;"745608";24
3398;"690913";24
3399;"320225";72
3402;"525502";74
3403;"571018";74
3404;"406011";56
3405;"491215";40
3406;"475713";40
3407;"735413";35
3408;"731220";35
3409;"190403";36
3410;"650216";54
3412;"750718";57
3413;"696125";57
3414;"476017";11
3415;"735930";54
3416;"780601";35
3417;"855318";35
3418;"635807";70
3420;"790624";66
3421;"470305";20
3422;"515502";1
3423;"715905";12
3424;"181114";64
3425;"700507";70
3426;"780207";73
3427;"800616";42
3428;"875927";42
3429;"411016";46
3430;"510925";3
3431;"795405";70
3432;"731108";15
3433;"620907";71
3434;"565920";71
3435;"455527";4
3436;"580218";30
3437;"595808";30
3438;"420112";43
3439;"670127";62
3440;"385213";1
3441;"580209";75
3443;"346206";1
3444;"770406";57
3445;"795326";17
3446;"571001";70
3447;"495421";54
3448;"541224";1
3449;"280321";27
3450;"760912";25
3451;"740717";19
3452;"755828";19
3453;"500802";56
3454;"496017";11
3455;"570228";11
3456;"455121";54
3457;"235614";75
3458;"530630";33
3459;"645830";14
3460;"651011";14
3461;"580222";54
3462;"655318";54
3463;"795302";1
3464;"530114";43
3465;"420417";30
3466;"365531";1
3467;"391206";1
3468;"336231";68
3469;"755223";1
3470;"375423";52
3471;"525929";1
3472;"465511";70
3473;"480521";70
3474;"546208";32
3475;"570313";19
3476;"685105";60
3477;"650828";37
3478;"260530";1
3479;"335919";1
3480;"515410";15
3481;"571110";15
3482;"415209";71
3483;"401202";70
3484;"720430";44
3485;"220527";77
3486;"620309";77
3487;"590906";1
3488;"551009";1
3489;"660813";76
3490;"201016";19
3491;"226118";19
3492;"706227";8
3493;"655504";69
3494;"690702";42
3495;"415510";64
3496;"490711";64
3497;"705911";39
3498;"380401";77
3499;"690316";19
3500;"600607";29
3501;"640321";51
3502;"520803";54
3503;"535114";54
3504;"520125";40
3505;"771206";20
3506;"615820";1
3507;"466202";32
3508;"701109";38
3509;"655213";38
3510;"391026";13
3511;"630911";74
3512;"460525";49
3513;"220720";70
3514;"185205";70
3515;"755102";61
3516;"715907";58
3517;"535624";68
3518;"555902";33
3519;"491215";74
3520;"285517";8
3521;"640720";4
3522;"630202";57
3523;"640429";6
3524;"456120";68
3525;"740521";15
3526;"775706";15
3527;"780811";77
3528;"706006";73
3529;"730315";54
3530;"715918";16
3531;"200614";43
3532;"350224";56
3533;"636201";1
3534;"715321";50
3535;"730512";37
3536;"220820";55
3537;"460416";51
3538;"445502";1
3539;"200831";36
3540;"360804";51
3541;"345501";51
3542;"390902";10
3543;"415819";10
3544;"615815";1
3545;"661101";68
3546;"710228";3
3547;"245315";1
3548;"750503";1
3549;"375908";5
3550;"695914";54
3552;"401116";44
3554;"656221";22
3555;"680206";22
3556;"271127";6
3557;"286124";6
3558;"285701";54
3559;"396023";57
3560;"440202";57
3562;"310405";1
3563;"266122";1
3564;"480323";62
3565;"620729";44
3566;"325219";65
3567;"480309";1
3568;"410125";1
3569;"330409";67
3570;"455427";15
3571;"700617";25
3572;"286218";48
3573;"725209";8
3574;"465217";19
3575;"376012";9
3576;"395315";1
3577;"426215";31
3578;"271020";72
3579;"305807";72
3580;"295427";6
3581;"671223";33
3582;"550217";38
3583;"425909";15
3584;"410325";15
3585;"686002";29
3586;"430411";60
3587;"396201";60
3588;"536104";76
3589;"615713";73
3590;"765923";23
3591;"300928";74
3592;"255330";74
3594;"615507";13
3595;"650101";28
3596;"750322";74
3597;"335817";10
3598;"230911";66
3599;"315302";66
3600;"435726";46
3601;"380803";19
3602;"406210";19
3603;"540613";42
3605;"340724";71
3606;"580606";63
3607;"465729";18
3608;"471209";66
3609;"556026";66
3610;"190508";36
3611;"725527";30
3612;"625904";19
3613;"690212";19
3614;"716009";43
3615;"740704";1
3616;"645414";77
3617;"546130";51
3618;"530221";54
3619;"550809";40
3620;"370914";21
3621;"390721";66
3622;"385417";66
3623;"655420";28
3624;"825227";1
3627;"815608";18
3628;"275226";11
3629;"471213";42
3630;"236128";64
3631;"211119";64
3632;"435929";15
3633;"331014";72
3634;"230625";1
3635;"215131";1
3636;"780519";46
3637;"590110";64
3638;"436211";49
3639;"280417";73
3640;"780724";75
3641;"795201";75
3642;"610827";19
3643;"801111";26
3644;"510614";75
3645;"750226";34
3646;"435616";33
3647;"480823";33
3648;"800103";3
3649;"596025";10
3650;"180217";64
3651;"181001";35
3652;"200220";1
3653;"175103";1
3654;"245301";25
3655;"680206";59
3656;"255826";62
3657;"210518";62
3658;"240405";58
3659;"306110";42
3660;"740709";65
3661;"321125";51
3662;"310922";27
3663;"475625";69
3664;"510319";69
3667;"710918";70
3668;"726223";70
3669;"620822";10
3670;"805917";44
3671;"430716";10
3672;"486206";10
3673;"516207";1
3674;"806110";17
3675;"520318";70
3676;"656014";10
3677;"600916";10
3678;"345812";1
3679;"310423";72
3680;"235407";72
3681;"210426";1
3682;"245112";1
3683;"775222";74
3684;"616231";16
3685;"740306";74
3686;"626011";61
3687;"720206";49
3688;"755502";49
3689;"795712";9
3690;"600802";44
3691;"650417";18
3693;"220331";15
3694;"205429";15
3695;"341004";55
3696;"395411";55
3697;"545116";9
3698;"710425";44
3699;"680808";1
3700;"765524";1
3701;"545506";73
3702;"521127";76
3703;"310615";17
3704;"620411";69
3705;"655604";1
3707;"410624";74
3708;"585316";46
3709;"550503";46
3710;"280125";59
3711;"680507";25
3712;"695530";56
3713;"445223";41
3714;"536001";8
3716;"530415";74
3717;"250130";71
3718;"295629";71
3719;"300830";54
3720;"366207";54
3721;"546216";64
3722;"565429";1
3723;"680901";18
3724;"255923";57
3727;"700113";33
3728;"360106";66
3729;"415822";66
3730;"455807";59
3732;"460827";66
3733;"465509";1
3734;"431202";15
3735;"380117";18
3736;"325722";18
3737;"480430";12
3738;"785331";1
3739;"565821";3
3740;"291103";46
3741;"360504";16
3742;"616127";56
3743;"581106";56
3745;"715119";2
3746;"750125";66
3747;"641202";1
3748;"305305";59
3749;"435321";65
3750;"381003";1
3751;"661012";33
3752;"615206";33
3753;"595414";1
3754;"475713";1
3755;"515709";37
3756;"716003";12
3757;"220416";5
3758;"635914";53
3759;"611012";53
3760;"550104";18
3761;"750805";48
3762;"595218";60
3763;"775812";38
3764;"780129";38
3765;"565124";45
3766;"805310";1
3767;"360907";14
3768;"445304";14
3769;"570910";54
3770;"255103";35
3771;"420327";48
3772;"365823";48
3773;"645729";33
3774;"221029";1
3775;"281127";46
3776;"780709";74
3777;"755904";74
3779;"490515";6
3780;"771122";37
3781;"755312";17
3782;"800910";1
3783;"685708";1
3784;"741108";1
3785;"205718";66
3786;"200710";13
3787;"785507";21
3788;"555705";56
3789;"641017";66
3790;"360828";48
3791;"390318";72
3792;"720921";74
3793;"515620";39
3794;"765506";37
3795;"820503";12
3796;"530629";3
3797;"515714";3
3798;"546117";1
3799;"290324";2
3800;"545615";38
3801;"480815";38
3802;"250728";67
3803;"300715";1
3804;"335411";1
3805;"421220";68
3806;"675627";54
3807;"476107";33
3808;"430124";57
3811;"520620";6
3812;"670208";1
3813;"785825";2
3814;"450913";1
3815;"695412";28
3816;"660126";1
3817;"376021";77
3818;"420728";71
3819;"365524";71
3821;"390516";22
3822;"531126";48
3823;"561208";63
3824;"710107";41
3825;"655420";41
3826;"210308";33
3827;"235505";33
3829;"720313";59
3830;"685224";18
3831;"180211";11
3832;"255904";11
3833;"350301";19
3834;"765912";1
3835;"315512";50
3836;"481121";77
3837;"215822";39
3838;"291027";65
3839;"375705";65
3840;"335612";50
3841;"190708";26
3842;"760626";74
3843;"425421";4
3844;"636226";71
3845;"590509";1
3846;"805711";27
3847;"595914";6
3848;"385814";45
3849;"326211";1
3850;"575126";45
3851;"611120";45
3852;"525912";10
3853;"805704";59
3854;"590830";24
3855;"390320";29
3856;"445609";1
3857;"526203";72
3858;"485614";18
3859;"410503";18
3860;"380410";74
3861;"515127";11
3862;"475713";40
3863;"396027";1
3864;"311117";1
3865;"771106";75
3866;"775703";75
3868;"621114";66
3869;"465224";17
3870;"715808";4
3871;"790325";4
3872;"300419";8
3873;"606216";23
3874;"425810";61
3875;"305727";1
3876;"230522";1
3877;"565913";38
3880;"615824";29
3881;"475507";45
3882;"420510";45
3883;"650927";18
3884;"631118";72
3885;"405117";70
3886;"655717";8
3887;"200117";67
3888;"166027";67
3890;"581022";3
3891;"581214";75
3892;"790419";1
3893;"691226";1
3894;"410121";29
3895;"455503";29
3896;"231003";5
3897;"515328";16
3898;"485117";57
3899;"195920";55
3900;"430923";55
3901;"515412";55
3902;"496220";65
3903;"485318";1
3904;"395115";29
3905;"350805";29
3906;"361223";64
3907;"546209";1
3908;"291125";73
3909;"235916";73
3910;"195823";37
3911;"526013";31
3912;"455307";1
3913;"510801";8
3914;"205824";52
3915;"770105";20
3916;"705827";47
3917;"671228";47
3918;"740110";5
3919;"420617";35
3920;"255813";44
3921;"585121";28
3922;"285408";1
3923;"351020";1
3924;"710109";56
3925;"365814";45
3926;"721001";54
3927;"485223";61
3928;"285808";77
3929;"571101";74
3930;"210117";1
3931;"216015";1
3932;"391006";59
3933;"465907";59
3934;"681015";12
3935;"391127";71
3936;"625408";36
3937;"630609";36
3938;"800122";27
3939;"531106";40
3942;"520813";53
3943;"451204";1
3944;"360101";8
3945;"316025";8
3946;"750511";1
3947;"670525";23
3948;"795523";44
3949;"740826";44
3950;"240321";38
3951;"205722";38
3952;"656228";52
3953;"255609";14
3954;"571031";64
3955;"605531";64
3956;"755602";21
3957;"710812";21
3958;"465430";37
3959;"705715";30
3960;"640106";8
3961;"435403";53
3962;"521128";74
3963;"740207";76
3964;"420507";74
3965;"630516";1
3966;"696007";1
3967;"605926";18
3968;"550615";18
3969;"515219";4
3970;"805809";46
3971;"660220";1
3972;"300601";1
3973;"825820";1
3974;"380824";68
3975;"545719";1
3976;"670913";43
3977;"750927";8
3978;"701215";18
3979;"286014";54
3980;"530713";1
3981;"790616";19
3982;"195115";45
3983;"265522";1
3984;"645313";1
3985;"795416";75
3987;"601107";67
3988;"745904";53
3989;"800327";53
3990;"730203";29
3991;"670517";11
3992;"486110";71
3993;"805307";14
3994;"655131";21
3995;"485815";1
3996;"475716";36
3997;"275105";13
3998;"505603";59
3999;"765116";30
4000;"571022";40
4001;"560129";69
4002;"205629";25
4003;"490423";8
4004;"575812";30
4006;"785507";25
4007;"481107";23
4008;"515508";23
4009;"660629";4
4010;"485617";4
4011;"576219";62
4012;"566009";56
4013;"516206";1
4014;"800906";17
4015;"726227";65
4016;"715525";13
4017;"640515";13
4018;"805907";3
4019;"450916";11
4020;"535331";45
4021;"481210";45
4022;"260210";1
4023;"255517";1
4024;"641016";3
4025;"716007";3
4026;"455924";76
4027;"655628";16
4028;"700808";16
4029;"670103";17
4030;"765921";44
4031;"750522";67
4032;"645802";35
4033;"251015";51
4034;"370717";58
4035;"305820";58
4036;"765709";25
4037;"666022";1
4040;"615517";59
4041;"540126";59
4042;"390904";1
4043;"535509";70
4044;"305429";44
4046;"446218";1
4047;"370128";1
4048;"231124";4
4049;"450913";4
4050;"481230";47
4051;"491006";74
4052;"506017";74
4053;"295923";70
4054;"595208";72
4055;"535601";74
4056;"525726";63
4057;"225611";70
4059;"240511";54
4060;"545621";44
4061;"781224";8
4062;"500808";71
4063;"665216";61
4064;"720208";61
4065;"420627";73
4066;"366128";30
4067;"595708";21
4068;"240625";11
4069;"590307";68
4070;"595523";68
4071;"426215";45
4072;"410508";45
4073;"550210";24
4074;"585608";24
4075;"445918";8
4076;"691117";49
4077;"555306";68
4078;"510604";23
4079;"550629";27
4080;"435926";21
4081;"780603";9
4082;"615115";58
4083;"685130";74
4084;"571005";55
4085;"526204";55
4086;"416222";63
4087;"465216";64
4088;"486218";68
4089;"470227";68
4090;"710622";23
4091;"825907";29
4092;"336111";14
4093;"460929";1
4094;"791219";2
4095;"740914";25
4096;"805316";25
4098;"380328";13
4099;"455503";12
4100;"550313";74
4101;"705507";1
4102;"695815";4
4103;"650519";4
4104;"190410";23
4105;"806115";16
4106;"361109";1
4107;"540909";49
4108;"265126";43
4109;"530811";63
4112;"741128";38
4113;"475909";76
4114;"640209";63
4115;"430327";33
4116;"361124";36
4117;"185701";53
4118;"780617";28
4119;"625220";62
4120;"610306";62
4121;"230212";23
4122;"690918";39
4123;"666112";39
4124;"636110";19
4125;"225417";31
4126;"750909";74
4127;"705526";74
4129;"525331";75
4131;"760602";48
4132;"621015";42
4133;"655322";42
4134;"545212";1
4136;"590106";31
4137;"490830";21
4138;"685918";11
4139;"690720";74
4140;"631004";70
4141;"700318";9
4142;"600611";36
4143;"550824";27
4144;"555911";27
4145;"226202";73
4146;"555613";9
4147;"721223";64
4148;"685208";64
4149;"790307";1
4150;"775810";1
4151;"265717";73
4152;"270607";73
4153;"560412";32
4154;"536025";32
4155;"230513";1
4156;"626102";5
4157;"720509";1
4158;"205710";35
4159;"131206";35
4160;"695627";16
4161;"725909";22
4163;"510607";4
4164;"246022";45
4165;"550313";53
4166;"470226";1
4167;"495531";6
4169;"805219";58
4170;"830827";58
4171;"800518";1
4172;"455429";1
4173;"785604";52
4174;"270211";63
4175;"655106";13
4176;"220831";32
4177;"351225";34
4178;"260831";32
4179;"200729";54
4180;"320617";63
4181;"645515";76
4182;"410623";16
4183;"406113";16
4184;"755426";8
4185;"645423";51
4186;"781014";38
4187;"675828";25
4188;"760817";1
4189;"411207";64
4190;"421117";17
4191;"575106";32
4192;"311121";72
4193;"375228";8
4194;"405103";63
4195;"450730";63
4196;"515116";55
4198;"546017";23
4199;"611219";23
4201;"770719";3
4202;"705520";3
4203;"675108";1
4204;"600603";1
4205;"350205";30
4206;"421009";22
4207;"380302";70
4209;"335223";70
4210;"790915";40
4211;"735417";22
4212;"450527";53
4213;"255627";64
4214;"210703";64
4215;"525608";49
4217;"515625";9
4218;"396006";48
4219;"445104";51
4220;"630915";33
4221;"415926";63
4222;"280816";60
4223;"700530";54
4224;"775403";42
4225;"770808";76
4226;"570408";31
4227;"636224";51
4229;"611005";36
4230;"616111";74
4231;"595808";1
4232;"710215";70
4233;"380215";46
4234;"726108";70
4235;"756115";9
4236;"625117";42
4237;"235731";16
4238;"715426";41
4239;"201211";70
4240;"606021";46
4241;"505330";20
4242;"540427";20
4243;"580126";7
4244;"225812";68
4245;"190923";68
4246;"805909";36
4247;"755116";26
4248;"755507";9
4249;"770521";52
4250;"615906";72
4251;"600426";44
4252;"535528";44
4253;"365519";16
4254;"720305";65
4255;"255628";66
4256;"570329";70
4257;"685629";1
4258;"665511";44
4259;"495616";10
4260;"670601";12
4261;"245804";34
4262;"255424";59
4263;"725626";73
4264;"715621";74
4265;"780119";59
4266;"745126";1
4267;"365421";24
4268;"280611";24
4269;"555907";45
4270;"725205";58
4271;"640723";58
4272;"785830";42
4273;"766129";18
4274;"375524";70
4275;"575626";49
4276;"735805";74
4277;"791105";74
4278;"491118";33
4279;"491013";51
4280;"445108";55
4281;"310413";54
4282;"320609";3
4283;"240905";27
4284;"461126";68
4285;"456228";68
4286;"655928";6
4287;"536007";62
4288;"465308";70
4289;"811123";66
4290;"470309";32
4291;"515507";58
4292;"520719";72
4293;"596216";4
4294;"560622";4
4295;"600316";18
4296;"251106";57
4297;"286016";57
4298;"200418";33
4299;"775915";50
4300;"776115";1
4301;"565503";14
4302;"445104";30
4303;"785305";21
4304;"455615";5
4305;"395621";40
4306;"401017";40
4307;"770414";1
4308;"705110";44
4309;"795426";39
4310;"255530";65
4311;"810412";59
4312;"796020";72
4313;"685221";53
4314;"255524";58
4315;"595425";74
4316;"435826";1
4317;"786011";53
4318;"425911";43
4319;"461106";43
4320;"586104";66
4321;"736018";19
4322;"701001";19
4323;"240320";40
4324;"185722";40
4325;"470719";55
4326;"300920";1
4327;"375823";1
4328;"765613";59
4329;"475518";64
4330;"210702";33
4331;"590903";5
4332;"360111";57
4333;"580420";1
4334;"545219";1
4335;"246225";54
4336;"695802";19
4337;"660421";48
4338;"441025";30
4339;"775915";59
4340;"495718";1
4341;"640501";76
4342;"185407";63
4343;"295809";27
4344;"250615";54
4345;"745929";18
4346;"735920";3
4347;"265620";54
4348;"785417";3
4349;"595822";1
4350;"660820";1
4352;"710724";72
4353;"795919";28
4354;"860813";28
4355;"386229";1
4358;"421024";70
4359;"500802";64
4360;"655710";19
4361;"550504";46
4362;"430916";50
4363;"515701";50
4364;"771205";22
4365;"610512";10
4367;"820330";14
4368;"776021";32
4369;"650615";53
4370;"390628";59
4371;"681212";32
4372;"331011";3
4373;"511220";51
4376;"540305";70
4377;"780131";48
4380;"310513";1
4381;"590125";56
4382;"801020";18
4383;"630801";21
4384;"735112";10
4385;"726002";21
4386;"456227";53
4387;"460218";52
4388;"365916";4
4389;"265701";10
4390;"725429";7
4393;"415911";1
4394;"756230";64
4395;"585516";36
4396;"746107";63
4397;"731126";63
4398;"580723";77
4399;"676120";61
4400;"595829";54
4401;"680720";8
4402;"290411";23
4403;"386019";36
4404;"515409";31
4405;"595417";47
4406;"541101";1
4407;"750706";70
4408;"230519";62
4409;"285122";62
4410;"765112";24
4411;"500102";54
4412;"526126";54
4413;"770504";74
4414;"330619";50
4415;"770709";4
4416;"701225";67
4417;"760424";1
4418;"700519";28
4420;"570506";55
4421;"445627";1
4422;"435731";76
4423;"180524";27
4424;"330506";21
4425;"366015";21
4426;"695913";26
4427;"401103";30
4428;"540309";38
4429;"450402";64
4430;"385627";64
4431;"300930";58
4432;"645314";1
4433;"680222";1
4434;"640329";64
4435;"656030";64
4436;"200428";27
4437;"616026";70
4438;"571204";70
4439;"750325";70
4440;"481226";33
4441;"436007";33
4442;"215429";23
4444;"690328";77
4445;"645414";77
4446;"506011";71
4447;"570816";71
4448;"425502";72
4449;"491108";8
4450;"495105";67
4451;"276019";50
4452;"245608";70
4453;"765529";61
4454;"760209";61
4455;"760729";70
4456;"361023";30
4457;"430117";1
4458;"506223";22
4459;"625521";1
4460;"570224";1
4461;"575422";54
4462;"770913";1
4463;"230817";76
4464;"641119";53
4465;"370602";74
4466;"226007";75
4467;"446117";20
4468;"440504";20
4469;"735228";8
4471;"755611";64
4472;"650725";74
4473;"441227";1
4474;"646209";3
4476;"270113";3
4477;"570118";74
4478;"525514";74
4479;"585724";2
4480;"630330";74
4481;"750616";1
4482;"790117";56
4483;"665829";63
4484;"550411";37
4485;"190720";36
4486;"145614";36
4487;"740814";22
4488;"715403";22
4489;"480324";76
4490;"565218";76
4491;"775713";2
4492;"655908";16
4493;"471005";33
4494;"521109";54
4495;"790411";66
4496;"710219";10
4497;"645914";10
4498;"311228";31
4499;"295928";31
4500;"240812";17
4501;"475318";70
4502;"320110";21
4503;"285528";21
4504;"656124";33
4505;"660706";33
4506;"546130";11
4507;"700803";1
4508;"211114";54
4509;"205312";54
4510;"386228";34
4511;"455427";51
4512;"631019";1
4514;"401225";65
4515;"205928";59
4516;"615927";1
4518;"525404";39
4519;"516031";70
4520;"575628";1
4521;"430909";1
4522;"506101";68
4523;"520309";68
4524;"570714";77
4525;"645717";77
4526;"705424";70
4527;"635204";1
4528;"220109";28
4529;"760916";37
4530;"845918";37
4531;"645625";64
4532;"531009";39
4533;"800129";64
4534;"541224";38
4535;"316203";1
4536;"471014";41
4539;"421212";55
4540;"360116";69
4541;"715302";32
4542;"540206";29
4543;"411201";1
4544;"555613";52
4545;"365120";3
4546;"515420";23
4547;"436230";9
4548;"580105";7
4549;"206030";10
4550;"426017";72
4551;"240429";60
4552;"195228";60
4553;"455223";1
4554;"370724";70
4555;"600807";52
4556;"700531";74
4557;"326024";44
4558;"280927";44
4559;"585309";35
4560;"631020";9
4561;"685629";40
4562;"651011";25
4563;"715725";10
4564;"750825";10
4565;"480303";14
4567;"370212";70
4568;"820426";70
4569;"715709";6
4570;"396103";1
4571;"671107";1
4572;"365521";28
4573;"556012";5
4574;"666112";20
4575;"645920";36
4576;"580627";53
4577;"495725";64
4578;"761227";15
4579;"395701";74
4580;"446124";30
4581;"565616";1
4582;"181012";44
4583;"415824";61
4584;"495624";7
4585;"485910";9
4586;"510813";9
4587;"785506";36
4588;"766105";53
4589;"765915";2
4590;"360317";1
4591;"330819";43
4592;"555329";1
4593;"320703";72
4594;"401125";1
4595;"406129";1
4596;"735831";74
4597;"525519";1
4598;"415412";25
4599;"471205";25
4600;"670313";70
4601;"350402";1
4602;"345404";1
4603;"465726";69
4604;"681002";67
4605;"805909";18
4606;"371014";8
4607;"766116";74
4608;"450118";41
4609;"766219";7
4610;"665102";34
4611;"535510";1
4612;"605923";44
4615;"510731";56
4617;"771220";45
4618;"725327";45
4619;"415220";77
4620;"406101";54
4621;"460210";54
4622;"725525";50
4623;"670509";68
4624;"665524";48
4625;"670304";48
4626;"476124";3
4627;"420324";1
4628;"385531";1
4629;"230510";76
4630;"155927";76
4631;"335401";8
4632;"280418";1
4633;"806031";62
4634;"405309";67
4635;"360228";67
4636;"770922";48
4637;"690213";61
4638;"685226";33
4639;"800516";20
4640;"565507";75
4641;"580212";33
4642;"605803";33
4643;"695721";1
4644;"310119";20
4647;"780820";8
4648;"640124";33
4649;"285625";45
4650;"655715";54
4651;"790124";2
4652;"620226";53
4653;"466218";4
4654;"505215";2
4655;"471014";2
4656;"420916";1
4657;"410913";15
4658;"351011";33
4659;"595414";50
4660;"755706";60
4661;"445511";1
4662;"275210";1
4663;"421029";72
4664;"210805";38
4665;"265827";9
4666;"280612";9
4667;"410426";25
4668;"385625";25
4670;"685814";51
4671;"720727";51
4672;"490828";44
4673;"520816";69
4674;"786227";59
4675;"751002";23
4677;"215929";3
4678;"681206";21
4679;"480131";20
4680;"795524";72
4681;"496008";1
4682;"530811";1
4683;"560802";51
4684;"535305";1
4685;"640714";62
4686;"440702";39
4687;"476219";16
4688;"400911";16
4689;"630426";50
4690;"625826";66
4691;"640128";66
4692;"555406";76
4693;"430302";42
4694;"435415";42
4695;"251211";52
4696;"335412";52
4697;"575925";27
4698;"630331";45
4699;"636112";13
4700;"375615";70
4701;"410628";22
4704;"555429";12
4705;"550912";1
4706;"435711";58
4707;"401105";58
4708;"500714";18
4709;"780416";54
4710;"615509";52
4711;"550723";52
4712;"605606";37
4713;"186104";13
4714;"110820";13
4715;"765812";15
4716;"335802";10
4717;"440809";32
4718;"321122";2
4719;"370218";23
4720;"465506";33
4721;"565321";65
4722;"720128";8
4723;"415206";1
4724;"736014";53
4725;"451117";34
4726;"525704";34
4727;"706123";74
4728;"701031";74
4729;"450707";18
4730;"200504";68
4731;"735211";52
4732;"180317";70
4733;"550717";1
4734;"250321";72
4735;"226023";72
4736;"435528";56
4737;"815601";24
4739;"605308";37
4740;"770612";28
4741;"295729";74
4742;"495413";61
4743;"560925";61
4744;"291218";6
4745;"485804";68
4746;"415720";39
4747;"225427";76
4748;"280126";76
4749;"485119";57
4750;"620404";70
4751;"730108";35
4752;"391009";7
4753;"345218";7
4754;"396228";27
4755;"545905";71
4756;"505108";22
4757;"451009";22
4758;"735109";50
4759;"800221";50
4760;"350327";70
4761;"346128";70
4762;"715213";76
4763;"445223";77
4764;"791015";54
4765;"350306";48
4766;"670527";22
4767;"185921";26
4768;"605403";1
4769;"235123";22
4770;"241213";22
4771;"615107";64
4772;"505129";6
4773;"525613";33
4774;"510814";59
4775;"485722";59
4776;"741222";1
4777;"295623";64
4778;"220307";64
4779;"780210";52
4780;"725201";54
4781;"665815";9
4782;"661228";25
4783;"786016";31
4784;"206208";42
4785;"211006";42
4786;"380816";54
4787;"620312";36
4788;"805427";39
4789;"405926";24
4790;"460209";75
4791;"360215";51
4792;"575525";20
4793;"465215";55
4794;"456116";20
4795;"255918";74
4796;"280311";7
4797;"405903";59
4798;"625102";37
4799;"465320";75
4800;"530814";75
4801;"781125";23
4802;"710706";75
4803;"450807";45
4804;"305207";51
4805;"355313";1
4806;"445201";19
4807;"481228";25
4808;"816124";23
4809;"301101";19
4810;"355126";19
4811;"715326";77
4812;"250626";1
4813;"681025";43
4814;"620228";54
4815;"700917";15
4816;"745304";15
4817;"690904";12
4818;"320313";1
4819;"640413";62
4820;"695919";2
4821;"395608";35
4822;"451013";35
4823;"820416";7
4824;"400305";54
4826;"776227";25
4831;"580814";27
4832;"575109";56
4833;"715228";30
4836;"521231";49
4837;"675313";56
4853;"390301";58
4861;"776101";57
4862;"436123";1
4863;"745302";1
4877;"570219";45
4882;"781221";36
4886;"791209";23
4892;"690308";26
4901;"505508";72
4904;"615419";38
4906;"766019";64
4907;"740531";64
4915;"630719";40
4916;"390109";52
4918;"680506";11
4919;"515526";49
4923;"620702";66
4925;"510618";45
4927;"555316";72
4928;"760209";9
4929;"430730";74
4930;"810730";1
4937;"606109";54
4941;"795225";60
4942;"590705";38
4944;"820407";58
4949;"821020";54
4956;"461010";6
4959;"790425";77
4961;"820731";54
4968;"380526";50
4969;"685720";64
4972;"775713";70
4974;"625630";5
4975;"611021";5
4976;"810118";36
4979;"370628";7
4989;"350904";28
4992;"725714";55
4993;"735627";1
4994;"780621";1
5002;"775717";65
5010;"505908";42
5012;"725922";27
5013;"800915";1
5016;"465105";1
5028;"760410";28
5030;"800115";1
5046;"370822";1
5050;"510119";62
5056;"575204";67
5067;"755910";21
5072;"815324";1
5081;"616031";1
5093;"495412";55
5107;"476006";50
5108;"440522";50
5111;"591212";50
5117;"750321";52
5126;"650403";43
5127;"755405";33
5128;"631224";70
5132;"671021";51
5133;"595810";66
5134;"675719";58
5137;"790505";5
5138;"745805";45
5141;"535519";54
5143;"730309";77
5144;"665607";77
5145;"506031";26
5149;"621218";15
5152;"755909";43
5159;"641202";39
5163;"576028";43
5164;"711130";9
5171;"565923";64
5175;"495918";63
5180;"431220";1
5189;"615110";74
5200;"605423";33
5201;"540419";33
5203;"455908";61
5204;"630122";47
5212;"466012";72
5213;"801010";1
5214;"760912";47
5215;"736015";47
5217;"405716";74
5223;"775111";2
5224;"490724";29
5232;"485406";74
5233;"671030";66
5236;"780603";25
5237;"770803";1
5240;"400217";74
5241;"780626";63
5243;"700418";2
5245;"425318";38
5246;"820515";70
5247;"430414";47
5249;"715105";5
5253;"466007";69
5254;"480916";69
5263;"625227";1
5273;"590110";39
5275;"500521";28
5277;"686107";44
5281;"411224";73
5283;"820310";17
5284;"715924";51
5287;"710102";77
5308;"745709";41
5312;"470108";71
5313;"475116";71
5318;"680328";74
5319;"645923";74
5320;"515407";17
5321;"500201";17
5322;"565313";73
5323;"765217";14
5325;"705918";66
5326;"670812";66
5333;"675529";39
5334;"351229";48
5337;"610502";1
5338;"665525";1
5347;"490331";41
5352;"765818";40
5353;"675522";48
5354;"675105";30
5358;"420831";54
5362;"391209";47
5364;"640314";62
5365;"715501";62
5366;"715920";60
5367;"790606";60
5374;"471126";63
5376;"700123";14
5379;"780320";60
5384;"350721";73
5385;"740201";67
5389;"680831";17
5392;"555328";16
5393;"551203";4
5395;"620601";45
5397;"695730";72
5398;"670323";72
5399;"726227";24
5402;"685529";30
5404;"765918";58
5409;"480325";15
5413;"460410";33
5420;"350719";61
5433;"750924";50
5441;"570125";18
5445;"520916";69
5450;"400828";8
5460;"611001";63
5461;"685920";9
5462;"630908";9
5468;"445527";68
5469;"795302";63
5472;"560510";53
5473;"685809";70
5478;"451027";33
5487;"475917";56
5517;"640313";57
5521;"735515";9
5526;"470319";27
5527;"416128";27
5530;"530329";12
5531;"790515";4
5539;"350605";74
5563;"760101";1
5565;"666222";3
5574;"705912";9
5579;"510216";77
5580;"525301";77
5606;"800806";4
5617;"585801";56
5618;"535322";63
5642;"576104";70
5684;"555302";8
5699;"501008";73
5701;"596122";2
5704;"756009";66
5722;"596007";64
5727;"530224";54
5736;"530516";1
5753;"480523";39
5760;"480508";66
5761;"415511";66
5774;"605115";46
5775;"550310";46
5788;"620504";72
5801;"796210";26
5826;"680909";15
5827;"755128";15
5858;"520717";52
5859;"455129";52
5860;"640422";47
5866;"785403";67
5873;"795406";5
5911;"351003";14
5928;"705910";42
5965;"510410";50
5977;"790531";43
5978;"445127";33
6001;"370501";60
6015;"731121";54
6033;"660527";1
6034;"390815";20
6039;"585703";1
6040;"630410";1
6042;"631012";53
6052;"490406";40
6067;"505313";70
6077;"805430";54
6112;"586228";43
6114;"405215";66
6115;"536225";13
6122;"685216";6
6144;"566219";54
6175;"640517";72
6178;"406015";1
6183;"631116";1
6185;"485305";58
6186;"520527";58
6191;"521224";74
6196;"430309";68
6235;"400404";5
6255;"465101";54
6256;"410521";54
6257;"425820";75
6272;"421010";1
6275;"561230";13
6299;"360809";1
6301;"495308";55
6317;"575127";77
6318;"500305";77
6342;"540604";8
6349;"721203";72
6359;"760706";64
6363;"736020";4
6366;"660221";49
6367;"700428";44
6383;"700107";15
6391;"520130";34
6408;"560629";47
6417;"500107";40
6422;"600923";28
6452;"420717";64
6468;"440223";70
6469;"530316";4
6473;"405930";76
6474;"341130";76
6478;"510520";3
6481;"586224";1
6485;"625521";48
6499;"630201";44
6501;"701104";1
6511;"530807";47
6544;"740804";66
6545;"785909";66
6546;"635822";1
6551;"485812";24
6552;"550221";71
6567;"786121";5
6571;"715324";72
6604;"480726";72
6610;"540603";57
6616;"530618";1
6619;"436218";43
6644;"595906";1
6691;"421015";43
6698;"525713";43
6729;"571227";15
6731;"431126";13
6749;"435929";9
6750;"460604";9
6753;"620523";15
6764;"440412";19
6789;"790326";57
6798;"485803";61
6803;"806207";5
6804;"810607";5
6827;"690428";59
6829;"636224";10
6844;"715905";53
6886;"425313";66
6892;"515322";1
6893;"440114";1
6895;"710624";42
6906;"490925";64
6922;"395427";14
6924;"670823";17
6936;"595227";52
6944;"700313";43
6946;"705129";74
6967;"531217";44
6978;"650405";38
6987;"680129";1
7010;"670630";70
7011;"615414";70
7043;"400630";77
7065;"715707";5
7100;"615923";30
7102;"675720";75
7112;"610624";76
7127;"570929";3
7150;"635916";45
7166;"640513";15
7186;"445601";27
7195;"620911";50
7234;"650804";28
7241;"575906";57
7286;"705210";47
7291;"406202";77
7299;"380916";1
7311;"490518";56
7324;"635318";1
7325;"750124";24
7327;"590522";49
7339;"745228";19
7348;"776026";6
7366;"735412";29
7390;"371104";1
7411;"635125";54
7412;"551017";54
7422;"581126";74
7423;"645908";74
7434;"425404";34
7435;"575416";67
7521;"605209";74
7567;"370315";5
7576;"620710";38
7586;"735128";56
7594;"495407";64
7614;"770305";64
7632;"480111";1
7672;"530405";26
7678;"620407";3
7683;"460401";12
7723;"665614";48
7724;"680223";48
7727;"585613";31
7753;"785923";70
7765;"585224";1
7772;"766230";1
7787;"510710";34
7796;"755927";50
7797;"700730";50
7800;"575830";16
7814;"765106";61
7815;"465119";4
7843;"660511";6
7855;"645130";7
7862;"651017";74
7863;"590312";72
7864;"351214";34
7914;"666024";38
7959;"785629";1
7970;"671120";74
7980;"760808";16
8013;"420622";43
8030;"670719";1
8064;"666129";54
8074;"581007";61
8076;"505727";16
8089;"650406";35
8091;"710210";5
8096;"796102";38
8105;"630312";72
8130;"765508";62
8200;"445531";1
8217;"780802";69
8276;"795608";43
8287;"360926";14
8295;"515123";15
8327;"455831";48
8333;"660201";60
8342;"790730";76
8356;"690904";3
8359;"791206";74
8362;"755915";74
8366;"605521";41
8392;"665508";36
8393;"660506";36
8432;"685106";38
8433;"610911";38
8463;"470904";75
8489;"526227";75
8502;"430419";51
8506;"796225";69
8510;"470524";55
8548;"455510";57
8568;"716203";1
8571;"351026";54
8598;"576231";46
8610;"485502";55
8611;"481026";55
8615;"395413";12
8636;"416112";71
8661;"545511";1
8666;"715828";7
8667;"675212";77
8670;"435107";5
8677;"550814";49
8678;"625712";49
8692;"535707";71
8726;"530810";10
8737;"485411";17
8738;"480710";17
8764;"405707";70
8777;"535411";11
9173;"450204";1
9174;"406009";1
9196;"395423";21
9202;"620209";68
9217;"405130";19
9226;"396225";64
9231;"725924";29
9236;"565507";31
9250;"630114";1
9273;"555826";39
9274;"580405";39
9276;"461106";4
9313;"605417";9
9316;"586026";63
9340;"670822";54
9346;"721210";43
9362;"735719";56
9366;"750626";72
9370;"751220";59
9403;"740322";16
9417;"490308";21
9418;"500410";1
9419;"506109";1
9427;"706109";62
9428;"650509";62
9433;"455322";72
9450;"436011";68
9451;"420505";68
9456;"416207";40
9457;"780926";46
9458;"736121";46
9505;"580821";1
9546;"556102";50
9555;"475515";13
9569;"505718";19
9582;"425414";2
9593;"685128";74
9606;"490216";52
9611;"580527";23
9616;"620919";74
9641;"450126";64
9642;"375903";64
9663;"450924";19
9664;"446113";19
9670;"480504";38
9675;"705219";60
9680;"770821";36
9702;"516116";33
9715;"776130";35
9717;"526110";52
9718;"590203";52
9721;"541205";34
9755;"515605";23
9760;"690217";27
9775;"600623";70
9776;"615305";70
9798;"505302";69
9820;"685121";59
9833;"640921";51
9834;"605317";51
9844;"450803";55
9845;"435615";55
9846;"675701";54
9872;"675317";9
9880;"706210";10
9914;"421208";36
9915;"670710";27
9929;"675719";47
9930;"720623";9
9933;"411015";74
9945;"685414";31
9946;"600420";31
9973;"456003";24
9987;"505619";73
9995;"580707";54
9997;"620607";67
10023;"735320";59
10040;"686030";37
10041;"680417";37
10043;"651029";45
10046;"465917";5
10066;"635523";64
10070;"740423";9
10075;"640701";48
10076;"696225";26
10077;"730627";26
10090;"805314";29
10095;"765206";1
10096;"780105";1
10145;"655725";4
10159;"380106";50
10198;"760524";31
10199;"795813";31
10200;"805216";13
10201;"851019";13
10209;"751027";59
10269;"405511";70
10273;"585927";51
10274;"561011";51
10275;"705125";77
10276;"761116";77
10282;"790619";1
10287;"625903";48
10288;"590607";48
10303;"620405";64
10350;"615914";29
10351;"581110";29
10355;"765710";14
10382;"655217";20
10389;"435815";20
10459;"645809";17
10475;"485828";51
10476;"501204";51
10479;"556020";2
10492;"371111";70
10510;"455126";23
10511;"500115";23
10517;"805912";54
10528;"525216";47
10543;"455223";14
10555;"351215";1
10563;"490107";68
10564;"545319";68
10566;"426109";74
10636;"710803";64
10639;"540129";2
10654;"625716";46
10662;"495825";60
10702;"380503";17
10703;"435428";17
10714;"465331";66
10746;"710804";53
10777;"805127";70
10778;"760319";70
10798;"805323";1
10813;"795513";1
10818;"720804";64
10828;"576123";1
10912;"630109";15
10960;"420220";28
10963;"440615";1
10987;"616003";62
10988;"640613";62
10997;"725206";1
10998;"671219";1
11004;"471116";63
11008;"695519";51
11034;"720219";1
11050;"575504";70
11063;"556104";64
11064;"530709";64
11083;"531017";61
11093;"590129";40
11105;"575201";70
11114;"520726";1
11121;"715410";72
11122;"790610";72
11123;"480129";47
11126;"655122";1
11130;"615408";1
11131;"570726";1
11136;"445727";3
11147;"725712";5
11149;"650714";43
11195;"531205";58
11208;"575305";10
11250;"465923";26
11252;"656208";32
11266;"380925";9
11267;"365826";9
11271;"371208";18
11274;"690414";64
11275;"635418";64
11286;"406127";56
11304;"606020";28
11314;"360602";45
11319;"425414";1
11327;"471021";72
11329;"615131";69
11331;"446214";70
11337;"690403";29
11359;"720820";11
11360;"725419";11
11362;"665111";51
11371;"416104";37
11372;"610928";11
11379;"520528";74
11380;"515406";74
11381;"795726";57
11405;"645729";68
11406;"701115";68
11409;"805502";32
11461;"740708";70
11491;"585516";36
11497;"595717";11
11516;"381109";59
11517;"405521";59
11545;"665122";1
11574;"445420";1
11596;"406204";70
11598;"775923";54
11609;"570211";59
11637;"510612";73
11638;"545824";73
11662;"720403";76
11676;"435312";5
11683;"800128";7
11685;"655723";64
11686;"486018";21
11687;"450123";21
11701;"490414";9
11709;"610803";1
11710;"675619";1
11713;"515411";59
11714;"450704";59
11732;"575520";19
11754;"661103";62
11755;"455716";4
11768;"715912";1
11794;"706007";31
11795;"770223";31
11804;"441212";74
11851;"700402";65
11855;"571201";11
11857;"520826";70
11860;"255830";70
11866;"370902";1
11867;"346119";1
11873;"636120";38
11874;"690119";1
11875;"675623";1
11886;"415913";61
11906;"441203";76
11907;"456116";76
11911;"391024";8
11943;"610709";1
11947;"640529";70
11976;"396027";54
11977;"440701";54
11978;"711009";54
11979;"776209";54
12003;"760623";74
12050;"430530";52
12051;"365930";52
12079;"725812";64
12092;"770515";68
12095;"390227";47
12102;"685907";21
12133;"645626";27
12144;"801123";2
12145;"825625";2
12163;"540616";1
12181;"610819";1
12220;"716112";60
12221;"710224";60
12303;"745405";24
12308;"781129";64
12324;"780306";8
12325;"641030";8
12328;"445408";1
12344;"405620";26
12358;"430705";17
12359;"356013";17
12376;"590217";4
12378;"465827";76
12382;"551129";1
12383;"635513";1
12396;"705117";62
12397;"730602";62
12416;"730530";1
12417;"745103";1
12432;"650307";55
12464;"591217";39
12468;"690704";22
12485;"655410";34
12490;"800814";34
12547;"636013";70
12561;"660620";38
12568;"565301";44
12577;"505505";62
12586;"470130";27
12599;"560101";44
12616;"655126";27
12625;"581207";54
12643;"625720";69
12662;"530601";14
12695;"790316";68
12726;"455809";8
12729;"680321";36
12730;"645929";36
12738;"606029";23
12739;"580117";23
12750;"405525";21
12754;"600820";55
12755;"596101";55
12756;"495121";22
12802;"690812";1
12810;"641014";39
12840;"390727";60
12843;"530505";66
12844;"461015";45
12850;"550826";72
12851;"575927";72
12859;"765521";1
12890;"585120";70
12908;"410312";12
12943;"701012";55
12986;"735508";40
12991;"470116";51
13044;"760301";52
13051;"650113";55
13071;"560218";41
13089;"795214";16
13090;"805418";2
13095;"500316";76
13098;"786215";1
13102;"490415";8
13113;"761125";11
13123;"785217";56
13134;"626103";1
13151;"581222";73
13171;"505626";19
13172;"381019";36
13190;"561128";71
13201;"370517";31
13231;"590701";1
13246;"425113";46
13260;"775527";72
13261;"440801";75
13262;"385209";75
13276;"770120";76
13285;"351225";34
13290;"410623";16
13291;"406113";16
13346;"560415";50
13380;"420918";65
13404;"660925";48
13405;"580813";32
13406;"785418";42
13412;"540320";1
13417;"516117";25
13447;"705505";13
13448;"680708";13
13451;"556118";44
13468;"601031";25
13469;"556208";25
13480;"530601";16
13490;"695525";18
13539;"780907";63
13548;"760318";1
13556;"580719";32
13576;"740707";72
13588;"740129";46
13590;"770803";59
13603;"410728";46
13608;"635515";37
13620;"700726";16
13640;"555609";28
13657;"635512";59
13658;"570423";59
13673;"710220";39
13687;"590523";75
13690;"630516";70
13694;"765120";1
13750;"806113";12
13751;"790720";12
13803;"471114";1
13820;"485731";33
13845;"730216";15
13852;"720126";5
13886;"545412";44
13912;"751120";50
13915;"741123";77
13921;"706220";62
13923;"795222";7
13924;"525909";54
13931;"420101";8
13955;"456030";1
13956;"430406";1
13968;"680413";61
13971;"626019";67
13998;"535812";74
